id,domain,status,purchase_price,renewal_price,attractiveness,demand,length,registrar,created_at,expires_at
000062b0-5597-425d-8816-babc9c9af85b,goaroundthehouses.pics,available,1.99,,60,0,20,name.com,,
0000f1bc-260a-4323-aacf-73a8da4152c6,feelfor.film,available,89.99,,70,2,8,name.com,,
0000f946-0f0e-4535-a333-3de6cc093eb6,keepsomeoneposted.holdings,available,80.99,,66,0,19,name.com,,
000102d0-bedb-434a-a0a4-c0abb8b90db1,havethebestofit.win,available,9.98,,68,1,19,namecheap,,
00010815-bf4f-4e82-b39c-c199e5dc0e14,godown.makeup,available,1.99,,74,5,7,name.com,,
0001f69d-0cbd-44e9-bff5-ad43a1a34925,divein.city,available,7.99,,76,9,7,name.com,,
00025c95-40b2-466d-b20a-d24781018827,doup.science,available,11.99,11.99,70,5,5,namesilo,,
00036fac-b5c6-40c1-90aa-4f0c14e23612,becalled.christmas,available,34.99,34.99,86,2,9,namesilo,,
0003bb16-985f-40f4-9301-441605e0d740,comeintobeing.accountants,available,43.99,,68,1,15,name.com,,
00043b70-193f-4fcc-a360-89a0a8dfd7be,goforbroke.auction,available,4.99,,72,2,12,name.com,,
000469dd-f504-4f54-aef7-4832baff1e75,poreover.cafe,available,7.99,,62,1,9,name.com,,
00047b05-5e5c-4d2e-b9c5-6c29eb71555f,stepin.taxi,available,10.99,,74,8,7,name.com,,
0004d318-f842-4f04-93a9-e927a4da030d,gotoplan.theatre,available,620,,66,1,10,namecheap,,
0004f22a-43da-4956-a1b4-694319325a4c,getthejobdone.now,available,49.98,,74,2,16,namecheap,,
0004f246-ed6d-4579-8a05-66e22d7a9f2b,stepin.sexy,available,2999,,74,8,7,name.com,,
0005861a-b349-46d0-a96e-f4c2d7008748,stayon.property,available,161.98,,71,6,7,namecheap,,
0005a16b-dea7-41af-8c24-24aec248bffa,steerclear.codes,available,11.99,,80,2,11,name.com,,
0005aca2-ba14-43ed-b934-819a69526f8c,makefriendly.estate,available,14.99,,72,1,13,name.com,,
0005e2b1-d773-4674-9a39-553a73f6b78f,letsomethingslip.rehab,available,14.99,,67,1,18,name.com,,
0006048a-e62e-415c-9c26-7352af33be58,slipitto.observer,available,15.99,,64,1,10,name.com,,
00063595-087b-49b9-a647-79011c95e914,makenoise.blackfriday,available,134.98,,78,5,10,namecheap,,
00064b19-8b1e-497c-9d61-a226d0aa90ec,comeintobeing.wine,available,9.99,,68,1,15,name.com,,
00071678-3b82-4b76-a7b9-e60d938fec72,godown.party,available,9.98,,74,5,7,namecheap,,
00079336-1131-4bab-8afa-e0d9fd7e6931,goballistic.center,available,7.99,,68,2,12,name.com,,
0007a273-886e-4bf1-83aa-d745071c5d2a,turndown.nyc,available,43.98,,74,4,9,namecheap,,
0007ad7b-9bf4-4862-b41e-89679a30133d,playaround.black,available,29.99,,72,5,11,name.com,,
0007c116-ed08-45c3-ba13-31ddfbdf19d7,cometoaboil.webcam,available,17.98,,62,1,14,namecheap,,
0007efce-f428-4412-a4b3-49e16c888cb7,getmoving.quest,available,1.99,,84,7,10,name.com,,
00083fc9-5bd0-47d1-8e57-580e702eec75,comeof.uno,available,31.98,,74,1,7,namecheap,,
000846b4-bce4-490f-8805-0c159da21674,feeltheburn.supply,available,30.99,,76,2,13,name.com,,
0008d0c7-5c50-4dd8-86c0-19bc81d8e4a3,fillintheblanks.download,available,9.98,,64,2,18,namecheap,,
0009633b-0b61-4e38-8694-bb6b821030b3,takethelead.bar,available,39.99,,78,4,13,name.com,,
00096688-1f29-437c-a2a9-2befc0cc48a8,comeonline.tel,available,10.99,,80,2,11,name.com,,
00098345-0f19-410c-9ff6-af0e045ebc15,quote.shop,premium,1250,,82,31,5,name.com,,
0009eb59-b8d2-4782-b59e-b04282ad258a,sitaround.business,available,3.99,,66,1,10,name.com,,
000aa6fd-0b75-4101-bd7a-6ba5d8e1f831,decideon.gratis,available,26.99,,76,2,9,name.com,,
000b543e-8ac7-4330-afa1-0d81127a960b,cometolight.la,available,39,,68,1,13,name.com,,
000b5933-0a93-4e76-a96c-382132f70314,getstraight.gifts,available,9.99,,77,1,12,name.com,,
000bd317-426e-4ff2-b761-33406220b5c0,hitwith.vc,available,39,,76,2,8,name.com,,
000c0ecc-d4a9-40af-819f-29d77ac7e1ec,beawake.osaka,available,39.99,,84,3,8,name.com,,
000c16d2-acf6-4fc3-a12f-3c8fed598bc8,feeltheburn.cash,available,17.99,,76,2,13,name.com,,
000c1b43-1769-4f66-8d7f-2cdf3063c119,feellike.tools,available,17.99,,74,3,9,name.com,,
000c1daa-3f8f-4654-916c-9e15d602a321,cometotermswith.click,available,1.99,,66,1,18,name.com,,
000c7520-8ef1-4db3-8701-cdee7ee9b4cb,movemountains.loans,available,19.99,,72,4,14,name.com,,
000cbeea-765a-45b8-a5d1-b6689a198f1c,makethedifference.soy,available,24.99,,72,3,19,name.com,,
000d0a77-4566-4ab4-bf84-2b5d964c668d,tryon.lighting,available,14.99,,77,13,6,name.com,,
000d4ad0-2880-4a9e-a4d7-cd65e0bd5a69,spellitout.lgbt,available,19.99,,74,2,12,name.com,,
000d654d-a0a8-4935-ac65-0aa8938be918,decideon.maison,available,19.99,,76,2,9,name.com,,
000d8e6d-9fe9-400d-b240-2610a6b3b156,getlate.travel,available,39.99,,72,1,8,name.com,,
000da682-d773-4940-a44c-2b6b8faf9516,getonto.supplies,available,32.48,,74,3,9,namecheap,,
000db8de-6bc0-4645-9d4d-59d84f339d82,goonholiday.berlin,available,89.98,,68,1,13,namecheap,,
000dbd43-9200-4079-9e91-a1cf9820070b,keeptogether.network,available,7.99,,68,1,13,name.com,,
000dfac8-6253-4164-b2d0-57c43e1bc5aa,rakeup.rip,available,7.99,,66,2,7,name.com,,
000e1782-b367-4dbe-9370-05da8985dfa6,cometotermswith.business,available,3.99,,66,1,18,name.com,,
000e62ef-78f8-4314-bac9-e1f142c2b82e,gowiththeflow.cyou,available,19.48,,82,7,16,namecheap,,
000e80a5-d01f-4cf9-864a-9c5d5c9235f7,cometolight.rest,available,19.99,,68,1,13,name.com,,
000e9375-fb2d-42ae-b908-998cc4d9e148,carryforward.plumbing,available,14.99,,66,3,13,name.com,,
000e9e17-bf44-400d-9732-460f26ac5c65,slipby.gay,available,50.98,,64,1,7,namecheap,,
000ec2a7-397c-44e4-bb4b-f6a5c669e574,gothroughwith.vet,available,41.99,41.99,58,1,15,namesilo,,
000f0e50-e109-41cb-9165-fe91c35f4af7,takeeffect.food,available,39.99,,70,0,11,name.com,,
000f5594-87d8-438c-8d2e-5c55be5398b5,movemountains.limited,available,14.99,,72,4,14,name.com,,
000fb061-4b8a-4c42-82e5-58f61e435443,cometogripswith.business,available,3.99,,62,1,18,name.com,,
000fcd7b-af57-4d19-9b30-bacb353789d1,windowshop.coach,available,19.99,,83,5,11,name.com,,
000fe09f-8540-4127-a9d4-ad1f884c8252,windowshop.care,available,29.99,,83,5,11,name.com,,
0010799c-b5aa-4a51-a59b-bf26502bf8df,slipin.tube,available,33.98,,65,2,7,namecheap,,
00108be6-f577-4d02-8a58-001f5f67ce91,moveup.consulting,available,26.99,,79,14,7,name.com,,
0010b5e7-a63d-4596-9b95-f93dabe6863c,leavenocrumbs.fm,available,99,,70,1,15,name.com,,
0010b8dd-5b58-4cbc-a5ac-2e67f2e6a2bd,keepstraight.mom,available,1.99,,62,1,13,name.com,,
0010e53a-7d3b-43f5-91d7-e068ed2112f9,becalled.luxe,available,19.49,19.49,86,2,9,namesilo,,
0011922d-f036-4119-92a8-069af5d90525,counterattack.one,available,3.99,,64,3,14,name.com,,
0011bae5-b395-4ef0-a7fb-9f4124d857f2,getofflightly.international,available,14.99,,70,1,15,name.com,,
0011c026-65fe-43fd-8c15-e90580623071,tapinto.im,available,12.98,,68,11,8,namecheap,,
0011ca93-e91e-4ec7-9932-9de99748ee13,gonegative.properties,available,10.99,,66,1,11,name.com,,
00121e68-0528-4fb5-81a6-b6ff9a3f1588,getmedieval.casa,available,17.98,,70,1,12,namecheap,,
00127adc-ad28-4499-997b-efcb4f48b587,letoneselfgo.ca,available,14.98,,72,0,14,namecheap,,
00131f70-7ccd-4974-bf9d-98f442100027,getround.solutions,available,5.99,,74,0,9,name.com,,
00132769-f26b-44a9-8f0e-6eafa8cf1e3d,parkup.villas,available,19.99,,59,4,7,name.com,,
00137f5b-7983-4eda-9c1a-1cb13e1346e0,makewhole.kim,available,14.99,,80,2,10,name.com,,
0013dd73-af0a-4aec-81fd-99af3bd35471,letsomeonehaveit.studio,available,21.99,,67,1,19,name.com,,
00141052-d744-4504-91c8-9298b772fd1b,makethegrade.domains,available,19.99,,70,3,14,name.com,,
001473ab-500a-4949-9632-47c18f27106f,accountof.soccer,available,19.99,,72,1,10,name.com,,
00151627-8119-427c-b510-3911b8b76af0,gobythewayside.day,available,16.98,,62,1,17,namecheap,,
001546e4-aa78-4b80-b1be-2aa075787bda,feeltheburn.study,available,50.98,,76,2,13,namecheap,,
0015a229-06b3-4d49-a286-95265e5c7bed,comeup.news,available,17.99,,74,5,7,name.com,,
001648f7-aed0-45f5-9142-3d31a2d0fbfb,goplaces.science,premium,437.5,,74,5,9,name.com,,
00167495-0e2e-4523-892f-5c6b2278d660,goonholiday.fan,available,11.99,,68,1,13,name.com,,
0016d581-cadb-4164-a1a2-8aeac82662d8,strapin.boston,available,30.98,,68,1,8,namecheap,,
001714e7-0875-407c-bb8d-ba7aa587d964,comerunning.healthcare,available,91.99,,74,1,12,name.com,,
00176392-d5a9-4d76-973e-79c273537c6e,parkup.wedding,available,43.98,,59,4,7,namecheap,,
0017a967-2bde-40a1-93b2-1fd76e5c52a2,comeof.kiwi,available,35.68,,74,1,7,namecheap,,
0017d251-b4ce-414f-9545-7d11b7cc34f5,changethegame.network,available,7.99,,68,6,15,name.com,,
0018196f-98ca-4f1e-95e4-fc5b948ebe64,getthemeaning.run,available,6.99,,69,0,15,name.com,,
00186a08-1f16-4b82-9f43-95132d2b352a,seton.autos,premium,2500,,72,9,6,name.com,,
00189664-fa3e-4780-b37c-0b5870eefb70,gobackalongway.lgbt,available,19.99,,66,1,18,name.com,,
0018d49e-df54-47bd-99fe-06603c4c3253,comeround.mov,available,15.98,,76,1,10,namecheap,,
00191fee-b4b2-4396-9c94-03e51d63f8d1,havenosympathy.motorcycles,available,1.99,,54,1,16,name.com,,
0019245b-8444-48a5-a76b-6f8759bf126b,slipby.training,available,21.99,,64,1,7,name.com,,
001924c4-9585-481a-9091-ae412eba2400,changeup.markets,available,9.99,,70,8,9,name.com,,
00192e27-b0c7-40e2-84f3-f585598d531d,cometolife.boats,available,1.99,,80,3,12,name.com,,
00196592-f488-49f0-b642-3f5347ef2db9,gonuts.care,available,29.99,,76,8,7,name.com,,
001983ef-936b-456c-a3d2-fcacbf5ceb3c,feelfor.deal,available,48.98,,70,2,8,namecheap,,
00199416-8175-458e-a443-fa8ca9b5544e,comewith.hot,available,58.98,,72,3,9,namecheap,,
001a18cc-ec1f-4161-bc6c-85b66606135e,steerclear.video,available,14.99,,80,2,11,name.com,,
001a1e12-247f-404c-901c-42fadf76014f,keepthepace.social,available,11.99,,66,1,13,name.com,,
001ac3b5-fa7e-472e-ba2b-b7208831c765,setthescene.guitars,available,159.98,,68,3,13,namecheap,,
001ad22b-6a9c-42cd-9cfc-34764b8c6e61,slipitto.trading,available,19.99,,64,1,10,name.com,,
001adec1-71e8-4cf7-a2f6-7bfb4390dc8a,lookthrough.new,available,549.99,,80,4,12,name.com,,
001b4b9b-bd48-4b82-bbc7-8167995f51c4,getoveron.tv,available,40.98,,72,1,11,namecheap,,
001b620a-7b5f-4a1f-953d-0914602f6f46,turndown.ryukyu,available,22.98,,74,4,9,namecheap,,
001b651c-c119-4f30-9e60-17941451e847,letitbe.meme,available,15.98,,89,7,9,namecheap,,
001b882f-be05-4495-b25d-c7ad60dd4364,slipby.theatre,available,620,,64,1,7,namecheap,,
001bb35d-3301-4aee-8858-68af4f61ab64,goeasy.observer,available,15.99,,76,11,7,name.com,,
001c091f-de31-4032-a500-6b41b59f7e45,getoffon.show,available,17.99,,76,0,10,name.com,,
001ca254-b4d8-4dca-a6f0-86d80d5e3bba,changesides.de,available,19.99,,70,0,12,name.com,,
001cb1df-7ed5-48af-93a2-9dbfa7dcbea7,keepquiet.game,available,349.99,,74,1,10,name.com,,
001cb212-df3e-4d1b-9343-fb4c273741d9,keepto.guitars,available,159.98,,72,2,7,namecheap,,
001d14be-c63c-45f2-be0c-69613266f54b,gonowherefast.management,available,14.99,,50,1,15,name.com,,
001d1827-73d3-4dd7-b72f-ec9708804e3f,getwiththeprogram.sex,available,154.98,,69,2,20,namecheap,,
001e50e2-6339-4aa1-8fde-3b4fe7412a04,takealeak.properties,available,10.99,,63,1,11,name.com,,
001e6bfe-55c6-4e49-ac3d-2598c95fee08,fitlikeaglove.services,available,15.99,,76,1,16,name.com,,
001e9939-e579-4f74-ba65-b9ce01dd2394,tightenup.kiwi,available,35.68,,79,1,10,namecheap,,
001e9c07-b18f-47d2-977a-3bdb2938d62d,makefriendly.style,available,12.99,,72,1,13,name.com,,
001f54b0-a301-40b6-9fc1-0ca715f16ee0,seekout.archi,available,24.99,,77,4,8,name.com,,
001f7854-3b7c-4209-a46a-6a9d4b3ebd5f,rakeover.accountants,available,43.99,,66,1,9,name.com,,
001fcefd-cbb6-41c8-a3e8-2b59d790bb99,goastray.skin,available,1.99,,66,1,9,name.com,,
002023e2-88dd-44c0-943c-5c47aaa1b05f,keeptrack.travel,available,39.99,,76,8,10,name.com,,
00207631-1175-46b6-8b37-53bfdc2f8cd4,stepin.sarl,available,8.98,,74,8,7,namecheap,,
0020be1a-6ccb-4f2b-8ded-c90f4d13e0f5,startin.uk,available,9.98,,71,6,8,namecheap,,
0020dfaa-d934-4f21-8da7-128b68a58d66,getthejobdone.watch,available,4.99,,74,2,16,name.com,,
00215259-b0aa-4353-83f0-e6580e37f3ba,setapart.immobilien,available,14.99,,72,8,9,name.com,,
00225ae3-9828-4347-9231-ab335e3ee0f0,sitaround.vegas,available,29.99,,66,1,10,name.com,,
0022608e-deae-4e03-ab48-0b4b6e6d015d,comethrough.supply,available,30.99,,78,1,12,name.com,,
0022c458-8196-488a-91b5-aa69628ce3ae,changethechannel.shop,available,2.99,,62,1,18,name.com,,
0023abed-4380-4863-b0f5-b81c007cd5ea,godark.agency,available,7.99,,68,5,7,name.com,,
0023cf86-0de6-483f-be3d-d4163217e5e7,smashit.capital,available,9.99,,72,8,8,name.com,,
00242c0a-428d-499a-9e99-1b40de3855aa,changeplaces.tienda,available,9.99,,62,0,13,name.com,,
002440db-29f7-49f8-9149-b02d3c45c58e,gotowards.futbol,available,19.99,,68,1,10,name.com,,
00246c4c-f1bd-4687-9b71-ace334a86c86,setthescene.lease,available,14.99,,68,3,13,name.com,,
002495aa-2a86-4d01-83b3-30cd462b3c61,leaveover.fun,available,4.99,,70,1,10,name.com,,
0024bcbb-2eff-4d59-9e72-0029d607b225,gowiththeturf.glass,available,77.99,,66,0,16,name.com,,
002516c5-3e9a-4026-9636-5938282329cc,setinstone.supplies,available,32.48,,68,4,12,namecheap,,
00252372-9da5-48ee-bf0c-3a39e08ff03f,getupto.insure,available,9.99,,74,2,9,name.com,,
00257ade-50f1-4ca1-b7cd-94902544b586,letthedevilout.hamburg,available,59.99,,62,1,17,name.com,,
00258cfe-966c-4d40-8be2-ad026fae7c44,keepfaith.country,available,2450,,82,3,10,namecheap,,
0025c2f9-399a-4bdd-82e3-808acdd6251e,keepin.bet,available,14.99,,72,6,7,name.com,,
00263446-1413-479f-881d-d83414b80cc9,getsick.college,available,29.99,,72,1,8,name.com,,
0026e7f1-6bde-4e2a-8278-49ff86776b97,cometogripswith.taxi,available,10.99,,62,1,18,name.com,,
002856d7-4903-4652-9fe1-a4f9c7ba4059,goalongwith.new,available,549.99,,70,1,13,name.com,,
0028644c-b304-405f-8b3f-388de6b5eed6,goonholiday.gallery,available,36.98,,68,1,13,namecheap,,
0028f23e-d628-4a9e-af99-2de507d37a6b,makewaves.news,available,17.99,,78,8,10,name.com,,
0028f391-05f6-45c1-a319-2577e89dc05b,pokeabout.broker,available,19.99,,68,1,10,name.com,,
00290eba-3395-471b-9f9c-07dd1871ea7a,useit.pet,available,19.99,,94,7,6,name.com,,
002940f3-0550-4ea8-b6ca-7006aff1d91c,godown.rent,available,29.99,,74,5,7,name.com,,
0029706e-a325-43ba-843b-9406b7f01c91,keepoutof.ski,available,39.99,,68,0,11,name.com,,
0029fdca-6da4-4907-953b-4d20eb6d7c42,letitbeknown.work,available,2.99,,75,1,15,name.com,,
002af494-9fb8-4bab-a91b-b7b9dfff032d,getoveroneself.sydney,available,54.98,,62,1,16,namecheap,,
002af76f-bfce-4816-a12a-81359841837f,goitalone.wedding,available,43.98,,74,1,11,namecheap,,
002b06f7-e0e1-41c8-b070-bd6c5e9caa2e,gooutonalimb.vacations,available,9.99,,60,1,16,name.com,,
002b5bc6-151a-4179-8ce2-1429c1e6f3e7,decideon.plumbing,available,14.99,,76,2,9,name.com,,
002ba490-948e-4454-a752-736131a3ece9,getthehint.icu,available,1.99,,74,1,12,name.com,,
002ba4cf-fa32-461b-a82f-268959ef7106,letslide.industries,available,17.49,,76,1,9,name.com,,
002c046c-fa7f-418d-b068-45efe6657455,dogsit.plus,available,21.99,,96,2,6,name.com,,
002c3c03-55ea-4d82-ab63-8cdaf6a3dd85,makefor.catering,available,46.99,,74,2,8,name.com,,
002c3d5e-16b5-4f02-b693-c020f7f99398,setto.supplies,available,32.48,,72,6,6,namecheap,,
002c54b6-f3d0-44c4-966a-b0327077d6fa,carryforward.protection,available,2950,,66,3,13,namecheap,,
002c5980-aa10-4432-acc6-b23de303d55f,getover.insure,available,9.99,,79,4,8,name.com,,
002c9640-3d76-41d6-ba3c-39dc486ab464,getoffwith.vip,available,10.98,,76,1,12,namecheap,,
002cbfa2-9d79-4818-9576-fcb9c106ded5,getphysical.art,available,7.99,,80,1,12,name.com,,
002d0bb2-47a4-4249-bab1-0f19d4ade9ef,comeintoeffect.game,available,349.99,,70,0,16,name.com,,
002d3af8-20db-4784-88a1-53fb706d4836,besupposedto.love,available,38.98,,60,1,14,namecheap,,
002dd747-a247-440c-8a92-3c9e548a0740,goape.ltda,available,46.98,,76,5,6,namecheap,,
002de9cf-69eb-458d-898b-ee22bc0ca1c0,getovertheline.gift,available,23.98,,69,1,17,namecheap,,
002dec1a-8f6a-470b-9412-f7eb5b901a4a,setinstone.games,available,19.99,,68,4,12,name.com,,
002e5175-f9f3-43d6-b6ad-aa85469c888c,keeptrack.channel,available,16.48,,76,8,10,namecheap,,
002e70c1-1245-4090-9bea-ca8a1dc49c28,lightuparoom.paris,available,51.98,,80,5,15,namecheap,,
002ea060-9c57-4696-a9d2-6d28a5cd1a80,getthebestof.delivery,available,8.99,,69,2,15,name.com,,
002ec5b6-d910-42cf-b767-5a7607f24aea,makehappen.plus,available,21.99,,80,3,11,name.com,,
002eccbf-d7c4-4582-a700-6d36696d3a1d,jollyalong.coupons,available,3.99,,82,1,11,name.com,,
002efcef-f1bd-40ec-a23e-a5fe05ef916c,skateover.ryukyu,available,22.98,,60,0,10,namecheap,,
002f02d4-7b1d-443e-85c5-f96384226167,tapinto.prof,available,26.99,,68,11,8,name.com,,
002f34c8-caf2-44a5-a4b6-9ec3e2782388,stackup.academy,available,21.99,,64,11,8,name.com,,
002f3ddc-82dc-4acd-ac30-edf83cc6331b,sockit.rocks,available,12.99,,70,5,7,name.com,,
002f69d6-8f9d-4563-bb48-d028b58d7cf8,comeunder.land,available,19.99,,70,1,10,name.com,,
002fdae6-ebb6-451e-9772-04ff890651c0,letthedevilout.camera,available,21.99,,62,1,17,name.com,,
002ff75d-5f8e-42fd-bbbe-671447d18242,hangup.wtf,available,5.99,,68,5,7,name.com,,
00307f68-9473-476b-b9ba-b5ade7b0137f,slipby.place,available,25.99,,64,1,7,name.com,,
00308196-39ed-49aa-a387-d86ccc2afc12,gofar.army,available,19.99,,76,10,6,name.com,,
003105bf-d37f-436e-a60c-a1491b056377,fitinto.kiwi,available,35.68,,84,2,8,namecheap,,
00310f0f-8bf5-4a3f-8984-500503abd7cd,goastray.promo,available,19.99,,66,1,9,name.com,,
0031659e-172e-4ce5-91e3-52ffd4ecf740,cuddleup.town,available,9.99,,89,4,9,name.com,,
00316af7-0be6-4741-a9c9-2f65edd2d88e,geton.guru,available,3.99,,82,10,6,name.com,,
0031b112-6d47-48ef-8436-7ee7682220c8,movefurniture.trade,available,9.98,,68,1,14,namecheap,,
0031b798-8eb4-4ef9-a555-6c5054e128f2,gothrough.place,available,25.99,,70,2,10,name.com,,
00320717-0954-431b-92f3-527fe64a18bf,gofar.voyage,available,9.99,,76,10,6,name.com,,
00320df7-6d36-4efa-a8ee-d7667c5db0c0,turninto.men,available,9.48,,86,2,9,namecheap,,
00328362-53df-4a6f-8ff3-5f5b28ad9733,gomad.living,available,5.49,39.99,70,5,6,namesilo,,
0032d544-439b-43b0-89ca-c30209b15c5c,getoutofDodge.top,available,6.98,,62,1,16,namecheap,,
0032e8dd-7c51-43a3-893c-73afae1b9343,startover.wtf,available,5.99,,78,6,10,name.com,,
0033377a-020a-4fc9-85d3-6b9f6f2a2ae1,gocrazy.capital,available,9.99,,72,5,8,name.com,,
0033c605-8176-474d-ad4a-375d097cde40,makethecut.gripe,available,8.98,,78,3,12,namecheap,,
0033decd-98c9-4e0d-bf35-49d98979570f,beonto.coupons,available,3.99,,74,1,8,name.com,,
00342506-dd53-41eb-947d-39ccda981664,gotowards.tienda,available,9.99,,68,1,10,name.com,,
00344307-6484-45f6-8264-ba150dcbfa60,dropabombshell.boats,available,1.99,,58,0,16,name.com,,
0034e040-94e7-4625-ae71-77dd05085cfa,synchronise.eco,available,64.99,,78,4,11,name.com,,
00350453-f510-48c5-a881-c631c4a30881,gowiththewind.parts,available,15.99,,74,1,16,name.com,,
00357738-bd13-4142-b4cb-0bdb75cca910,gowholehog.host,available,47.48,,70,1,12,namecheap,,
00359313-1653-446a-af7a-f51d3202530b,keepto.florist,available,14.99,,72,2,7,name.com,,
0035b8f9-501a-45f8-bd58-f85728dda239,goape.republican,available,5.99,,76,5,6,name.com,,
0035c299-0d0f-4400-baca-98486583f7b8,clearoff.reise,available,99.99,,72,1,9,name.com,,
0035eb76-dc1c-43fb-b906-af11e423590b,godowninhistory.uk,available,9.98,,68,1,18,namecheap,,
003689f8-c166-4d3f-9a60-adf778629d8b,goastray.today,available,2.99,,66,1,9,name.com,,
00368acb-fe78-44b9-b19e-ba7310a8a15a,signover.rich,available,149.99,,69,1,9,name.com,,
0036be1c-e923-4368-bbb6-371a23dec69a,hangon.rest,available,19.99,,82,6,7,name.com,,
00370b86-089d-4174-b135-cb7fae8b5e1a,dowithout.bike,available,14.99,,68,1,10,name.com,,
0037253e-095c-43cc-8c61-a6908301e433,strapin.to,available,29.98,,68,1,8,namecheap,,
00373a81-6617-4376-a62f-edf3c4c8cc83,makethenews.christmas,available,49.98,,72,2,13,namecheap,,
00374040-bf0a-4fc7-bc18-1f071788faea,bebothered.limo,available,19.99,,63,1,11,name.com,,
00375961-03d0-4836-ad63-4a639ad3a724,getsomeair.kitchen,available,14.99,,77,1,12,name.com,,
0037c69a-c2b6-42d2-aa3e-89f9e633bca4,letitbe.mobile,premium,375,,89,7,9,name.com,,
0038a60a-208d-42cb-ac3e-08753fa3bf7d,pricetosell.vet,available,50.99,,64,1,13,name.com,,
0038cc93-cf47-4ed6-bbe6-f74e15c7e779,seton.jewelry,available,19.99,,72,9,6,name.com,,
0038cf2b-3eb0-447a-9408-31947813c664,makethecut.gratis,available,26.99,,78,3,12,name.com,,
0038da04-ca0b-49aa-9a29-bfccdf5d0fa2,seekfor.dating,available,23.99,,74,2,8,name.com,,
0038fa5b-7fdc-4231-a238-f385a14102c4,stealaway.trading,available,19.99,,72,1,10,name.com,,
0039d441-109f-4ca8-a29c-3b6ad0d4a747,takeoffice.productions,available,14.99,,77,2,11,name.com,,
003a1ce1-ca4a-4e2f-92d0-822bb6578820,accountof.ca,available,14.98,,72,1,10,namecheap,,
003a4344-ec7a-478b-83bb-835489686aae,havetheheart.im,available,12.98,,66,1,14,namecheap,,
003a4915-afb5-4b21-a153-f717d4751d2e,setthescene.vodka,available,43.98,,68,3,13,namecheap,,
003a6d64-9792-450f-b782-f8aea795f9eb,keeptrack.healthcare,available,91.99,,76,8,10,name.com,,
003a82ed-ef9c-4730-935f-221792ffb971,closeout.sucks,available,298,,76,6,9,namecheap,,
003aa912-4313-4a09-8b34-415285fa19f1,keepfaith.life,available,2.99,,82,3,10,name.com,,
003aca23-0362-4ac2-ac20-cc531a5944b8,getstuckin.camp,available,11.99,,72,2,12,name.com,,
003b043a-b5ff-438a-acf3-e9a16d46d293,comeknocking.team,available,7.99,,66,1,13,name.com,,
003b4510-93b7-4e60-abc6-55f4647db8f1,dropahint.toys,available,19.99,,78,1,11,name.com,,
003c067c-f7bb-4860-9b5b-3218607fb06c,setthestage.vin,available,11.99,,66,3,13,name.com,,
003c8bac-8370-45b4-9ff3-41056c08193e,gonegative.toys,available,19.99,,66,1,11,name.com,,
003c8bb8-97f2-4b0e-90e2-95a62d5c1b05,handdown.it,available,25.99,,76,5,9,name.com,,
003d070f-695e-4aa4-aae5-01da5e43526f,getstuckinto.adult,available,166.98,,64,0,14,namecheap,,
003d9af1-ca37-4cd3-b15a-9049638d5eff,seton.help,premium,87.5,,72,9,6,name.com,,
003dcb2c-e40e-4e26-a9f7-df6524b42075,gowiththeturf.watch,available,4.99,,66,0,16,name.com,,
003e1710-091f-4789-a307-ae467b02aac6,keepfit.social,available,11.99,,86,9,8,name.com,,
003e7192-f92c-40d5-bedf-29649e6547bc,getmedieval.forum,available,1.99,,70,1,12,name.com,,
003ee32d-43b4-4538-9b2d-2973af444eb1,makeknown.bargains,available,21.99,,78,4,10,name.com,,
003efe13-73b0-4ee8-a1e6-ac3922fdda37,goonrecord.live,available,3.99,,70,1,12,name.com,,
003f6718-2520-4d65-a163-2314d8ec20b5,getoutofDodge.industries,available,58.98,,62,1,16,namecheap,,
003f6ca1-b032-4855-a53a-267b4199b771,dowell.industries,available,17.49,,76,12,7,name.com,,
004034f4-b11d-4b39-a29e-24661f6d4aa1,getpastoneself.contractors,available,9.99,,62,0,16,name.com,,
004067d9-071d-43da-8912-1663a48472e6,makesense.fish,available,19.99,,82,14,10,name.com,,
00406d20-eeb3-4d91-bab9-809bd5d6603b,gowithout.boats,available,1.99,,75,1,10,name.com,,
0040988b-e413-4eeb-a53e-c9d6837629c3,makethedifference.sale,available,5.99,,72,3,19,name.com,,
004167f6-00dd-4eaa-90e2-a811b98b3e37,makeitcount.fishing,available,45.98,,72,8,13,namecheap,,
00423526-dbed-43a4-9ee8-92469da43d22,accountof.ink,available,2.99,,72,1,10,name.com,,
004289e3-3315-483b-a335-55581ce6788d,makesomethingof.vote,available,49.99,,70,0,17,name.com,,
0044518b-a329-4cde-9d86-e792d1945377,keepto.irish,available,9.99,,72,2,7,name.com,,
004459f3-37e9-44c2-ae15-7fc9e65d8f39,comeunder.pictures,available,9.99,,70,1,10,name.com,,
004480dc-3297-4051-840d-9016d299f65a,gobonkers.uno,available,31.98,,70,1,10,namecheap,,
0044af16-f57e-4ace-9783-95ec28fea428,haveon.loans,available,19.99,,76,2,7,name.com,,
00452eb4-d055-489d-8c88-d5d93634c765,vergeon.desi,available,22.98,,68,1,8,namecheap,,
0045339b-5c70-42f8-9641-8c73baa95c1d,setthestage.auction,available,4.99,,66,3,13,name.com,,
004557f7-4f0e-4279-afa2-febbb2a25559,getstuckin.osaka,available,39.99,,72,2,12,name.com,,
0045584c-b9b4-46fe-837d-bc9c802d326b,fillaway.university,available,19.99,,70,1,9,name.com,,
00459044-0f2d-417c-be64-6791611ffac8,goinfor.gallery,available,28.99,28.99,74,1,9,namesilo,,
004654ea-931c-432a-9088-812489c90df3,shoparound.credit,available,11.99,,80,3,11,name.com,,
0046b4dc-f9dd-448e-8902-673537169d0b,goplaces.gallery,available,28.99,28.99,74,5,9,namesilo,,
0046b7d3-5adb-409c-bfd7-72e3428e0322,fitout.dentist,available,76.99,,76,8,7,name.com,,
0046e17d-bdc0-408d-ae3b-deccad7a265d,leaveon.food,available,39.99,,80,1,8,name.com,,
0046f2b1-77e5-4348-80dd-1db051383407,letonego.ong,available,16.99,,77,1,10,name.com,,
0047b635-0612-447d-810c-505066c795f1,cheesedown.consulting,available,26.99,,62,0,11,name.com,,
00482a9e-be8a-4547-9661-247221db224a,cuttothechase.investments,available,14.99,,68,4,16,name.com,,
004851c1-64bd-43a2-bd67-fbed276b06bc,orderin.deal,available,48.98,,77,5,8,namecheap,,
00487e54-ca8e-4751-a4e8-7ba1b1104034,hangup.rehab,available,14.99,,68,5,7,name.com,,
004898a3-d43a-4786-806a-23b92f30ac75,keepquiet.wtf,available,5.99,,74,1,10,name.com,,
0048a27e-58e8-4165-9525-2bb5b37913ed,cometrue.supplies,available,32.48,,82,5,9,namecheap,,
0048b1cf-00fe-405e-ac94-cabbcd762496,hangonto.finance,available,15.99,,70,1,9,name.com,,
0048bcfe-c390-4df0-9dde-21d9d1450c4b,getlate.hot,available,58.98,,72,1,8,namecheap,,
0048d10a-dafc-467c-9d15-a07a50dae94e,cometoastop.ltda,available,46.98,,62,1,14,namecheap,,
0048d182-fe76-49dc-b133-aacb92eb4ce5,gonowhere.email,available,9.99,,62,2,10,name.com,,
00493c24-1d01-4762-98ba-6e6a0afeb8f5,gettheidea.charity,available,5.99,,79,0,12,name.com,,
00498e66-5436-4f36-9aae-b09f213e9461,hitwith.tools,available,17.99,,76,2,8,name.com,,
004a70c7-4a88-4f22-bf5f-6cb49923f961,runon.lease,available,14.99,,67,4,6,name.com,,
004a8f00-c10d-4bed-95c8-8e82aeff4d4b,useit.viajes,available,57.98,,94,7,6,namecheap,,
004a96dd-3af2-4e18-bde3-676fe3f31649,besupposedto.luxury,available,49.99,,60,1,14,name.com,,
004aa048-f0bd-4fd4-98e0-c773236211ab,golong.red,available,14.99,,74,6,7,name.com,,
004b709f-35bb-44f0-b465-095f075df4ef,takeeffect.rip,available,7.99,,70,0,11,name.com,,
004b7e7d-03d8-455b-9c48-4f234391b9ec,getoutof.luxury,available,49.99,,79,2,10,name.com,,
004b8b05-ace5-4fe8-a06a-8c896b8643cb,letslide.boo,available,14.99,,76,1,9,name.com,,
004be906-d42f-499d-8d33-58e8bb369a19,entertheequation.taxi,available,10.99,,62,0,18,name.com,,
004c16e4-6fe9-4edd-a7de-08152e948b5d,getoffon.house,available,27.99,,76,0,10,name.com,,
004c1c1a-51ce-48c0-8842-2acd68a86a60,goinon.cool,available,9.99,,74,2,8,name.com,,
004c2aaf-2ba0-4270-979b-6217ffaa928f,toweloff.hot,available,58.98,,70,1,9,namecheap,,
004c32e4-c4f6-4100-a93f-cbf7f3331431,letitbe.viajes,available,57.98,,89,7,9,namecheap,,
004c4921-1bb0-4344-af6c-7e617daeddd9,gobelow.website,available,4.99,,72,0,8,name.com,,
004c86e8-81c1-4c4a-a4bf-0255d7b54b5f,cometogrips.deals,available,5.99,,62,1,13,name.com,,
004c8949-ba25-4f4b-990e-151142f64c5d,steponit.army,available,19.99,,75,2,10,name.com,,
004c9941-6ff2-41e3-9acc-01390b746d35,clipit.osaka,available,39.99,,76,12,7,name.com,,
004cb47f-2369-44f4-bdb1-7d8822a5295f,goforbroke.vacations,available,9.99,,72,2,12,name.com,,
004cb91f-ac09-4070-8fe9-2cae4ff4acba,fitinto.land,available,19.99,,84,2,8,name.com,,
004d4b55-2729-4643-b3dd-1b6be0716e95,barup.pw,available,20.48,,82,2,6,namecheap,,
004d544b-96d9-49ef-828b-76320f85b86a,getready.study,available,50.98,,88,11,9,namecheap,,
004d6e90-ed54-4eea-982a-cdf84ab558b4,gobeyond.graphics,available,31.98,,76,18,9,namecheap,,
004d74fe-315e-48f8-953e-9d3d479238ea,reston.link,premium,246.75,329,75,10,7,namecheap,,
004da659-c668-4499-adee-de5b1004784b,getwise.vet,available,50.99,,77,6,8,name.com,,
004db21b-2888-4f1d-9066-19b16bc83b4d,haveover.mba,available,19.99,,74,1,9,name.com,,
004dc478-7b0f-456f-84f6-370c38957526,makeoneselfathome.observer,available,15.99,,72,1,20,name.com,,
004e947a-9472-416d-8226-4104c38a53c7,getwet.charity,available,5.99,,74,5,7,name.com,,
004f166b-f3af-42a0-8c87-01ddbb7dbd49,turninto.care,available,29.99,,86,2,9,name.com,,
004f2ffe-b4a3-4b16-aa56-17ea166a3ee5,runwith.guide,available,10.99,,70,5,8,name.com,,
004f8c95-ae4b-4678-bc1d-b1fcaa7ba3b4,hangbyathread.health,available,19.99,,56,1,16,name.com,,
004fa4ac-7fce-4541-8a42-620a1c840cb7,gowholehog.cam,available,22.98,,70,1,12,namecheap,,
004faa7e-fc78-4a56-abda-d0d8f8698ae8,makeit.healthcare,available,91.99,,82,22,7,name.com,,
004ffc10-51ff-4579-9d62-195b5c27e463,lordover.direct,available,19.99,,72,1,9,name.com,,
00500303-b2e4-44eb-9d7e-6cb5f8e2f5b8,letpast.work,available,2.99,,75,1,8,name.com,,
00503e4f-efb8-443f-8ff2-9e6ee969892f,getwet.cfd,available,1.49,,74,5,7,name.com,,
005075bc-ba0c-4054-af0e-0723f6acdd50,settledown.makeup,available,1.99,,80,2,11,name.com,,
0050d915-e710-4222-8a04-35bf5c95d00e,beawake.menu,available,38.98,,84,3,8,namecheap,,
00516e59-e40b-485a-8943-f46b03b0e2ea,hammerhome.loans,available,19.99,,70,2,11,name.com,,
0051990e-f150-4f7d-861e-5a8bde4510c0,godownhill.attorney,available,69.99,,68,1,11,name.com,,
0051f2ca-6181-40d8-98ca-eb1c3c4e14ed,goalongwith.cv,available,14.98,,70,1,13,namecheap,,
00522dce-bc63-4692-a3b2-00483e9d2144,hitwith.ryukyu,available,22.98,,76,2,8,namecheap,,
005290e4-4407-4b26-a04c-9c0e1ae23f5a,getlaid.estate,available,14.99,,76,6,8,name.com,,
0052dd72-81eb-4f02-ae44-f562e7acdf64,dogsit.dance,available,17.99,,96,2,6,name.com,,
0052e7d5-80ed-4d7a-a856-69a7b275f63d,fillaway.click,available,1.99,,70,1,9,name.com,,
005315f6-be56-417f-ba41-5e01ca76e4a0,keepunder.network,available,7.99,,66,1,10,name.com,,
00538429-f865-4e76-a0db-9978e3ac4b2a,getmedieval.bar,available,39.99,,70,1,12,name.com,,
005395e1-e4f9-46a4-a24a-e685068b8b00,goberserk.science,available,16.98,,68,1,10,namecheap,,
005396d8-69fb-43c4-bd7c-186cb5111dee,gothewholehog.ca,available,14.98,,62,1,16,namecheap,,
00540dc1-f49b-4594-ae1f-3e15ba71b05c,howlout.graphics,available,31.98,,70,1,8,namecheap,,
005450dd-4696-40ee-83ac-b44b27f1b566,letslip.network,available,7.99,,76,1,8,name.com,,
00547995-ab19-4b8c-b82a-fa59fd6a8869,entertheequation.events,available,21.99,,62,0,18,name.com,,
00547fee-897e-4aaf-8ce9-a4711b6304cd,cuttherug.immobilien,available,14.99,,76,1,11,name.com,,
0054bda4-874c-4d53-b913-3c9fc8eb4a94,getwise.community,available,14.99,,77,6,8,name.com,,
0054c57a-b1cb-4a2e-be4a-dccec86737be,getthedrift.vana,available,2498,,66,1,13,namecheap,,
0054d463-1335-467a-8cf7-81d7f1329c3d,sitaround.delivery,available,8.99,,66,1,10,name.com,,
0054df4f-64a8-4232-9e56-521342bc39c6,cuddleup.gripe,available,8.98,,89,4,9,namecheap,,
0055505f-433f-42c7-af0f-28da7f7cb347,partwith.town,available,9.99,,68,1,9,name.com,,
00557983-7adf-42ab-a087-2a62d8e4f35c,gopast.holdings,available,80.99,,68,0,7,name.com,,
005604c3-9445-40a5-b3cb-c7502d04cf4a,doup.host,available,4.99,109.99,70,5,5,namesilo,,
00564c33-b427-4d28-a689-c244f540ef1f,makethegrade.sexy,available,2999,,70,3,14,name.com,,
00567d7d-8cf7-469a-9fa3-11d55304fbdc,letsomeonehaveit.irish,available,9.99,,67,1,19,name.com,,
0056a9dd-e845-4b11-b069-a52a88804cfe,sleepwith.hamburg,available,59.99,,65,1,10,name.com,,
0056e121-45d1-4bfd-b36a-5349c3782898,enterthechat.channel,available,16.48,,62,3,14,namecheap,,
0056e2f5-980f-4a65-92b0-9679c97af536,slipthrough.shoes,available,39.99,,66,1,12,name.com,,
0056ef85-4712-47ea-a4ea-bf3f65cd1da9,letus.shoes,available,39.99,,79,13,6,name.com,,
005704d3-0084-44c9-b1df-901a0a4eeafe,letpast.coffee,available,23.99,,75,1,8,name.com,,
005771ef-010d-4b04-a50c-97fda87ea960,smashdown.xxx,available,154.98,,58,2,10,namecheap,,
0057e51a-6729-4cb0-8a0e-ac3f31276755,makenoise.pub,available,47.99,,78,5,10,name.com,,
005839b9-aadc-4149-9ef3-902813762f63,signover.flowers,available,159.98,,69,1,9,namecheap,,
0058ac36-45f1-4182-8df5-ddace04a7ffc,havenosympathy.builders,available,7.99,,54,1,16,name.com,,
0058bad1-b0aa-464a-b8c5-0ca24375d249,comeintoplay.forex,available,19.99,,70,1,14,name.com,,
0059b77d-3edc-4139-aa4e-14bfc2ab03c1,pullover.zip,premium,36.25,,74,4,9,name.com,,
005a1233-a73b-4afd-beb7-fbda8c73ded0,takeout.mobile,premium,375,,75,16,8,name.com,,
005a237b-3a84-4a46-81c8-d74ecdcde822,belike.sex,available,154.98,,74,7,7,namecheap,,
005a675f-9f59-4527-bf50-559e2fbc36d9,dogsit.media,available,7.99,,96,2,6,name.com,,
005b2659-0ebd-426d-966d-717bf25770e0,getlife.kiwi,available,35.68,,80,5,8,namecheap,,
005b3eaf-2808-4824-8659-e6a3c31feb56,godeep.credit,available,11.99,,74,7,7,name.com,,
005b6974-d038-4d55-9f2f-aa8a6c22a2f2,haveway.tax,available,14.99,,74,1,8,name.com,,
005baf0d-044f-45dc-b5cd-66e3ec363539,decideon.florist,available,14.99,,76,2,9,name.com,,
005bc7d7-783b-4492-992f-7691d735de1a,getwet.casa,available,17.98,,74,5,7,namecheap,,
005cb5c7-a4ff-4bd6-9f4a-fbbae238ca00,gostraight.storage,available,799,,70,2,11,name.com,,
005cf0b3-197c-4187-83dd-71456822b980,attendto.viajes,available,57.98,,70,1,9,namecheap,,
005d7319-2525-4f5b-b4f6-4e2008df7389,cometoahalt.band,available,29.99,,62,0,14,name.com,,
005d7c49-89a2-4507-888b-df96073e6d58,movedown.fyi,available,9.68,,70,1,9,namecheap,,
005dd520-ffb2-468e-a0a5-9f1608eab817,letitbe.rest,available,19.99,,89,7,9,name.com,,
005e049b-06af-474c-89b2-3843997d6104,hammeraway.blackfriday,available,134.98,,66,0,11,namecheap,,
005e5761-8e4a-4d0f-8513-586cfc5bc4ac,shoparound.industries,available,17.49,,80,3,11,name.com,,
005e5c9a-1a55-4e8b-9a69-638e52a39430,leavenotrace.page,available,15.99,,68,4,14,name.com,,
005ea6c3-5761-4222-9b3c-b03acbe57b75,carryover.shopping,available,14.99,,70,2,10,name.com,,
005f58c0-2042-4ab8-b97c-70785bde634d,makeit.ong,available,16.99,,82,22,7,name.com,,
005f6fde-2468-4e9b-b74f-fe02363d16ee,tonedown.mx,available,49.99,,72,1,9,name.com,,
005fbba0-5298-4f49-8b68-ff47da32b74b,changeplaces.lol,available,1.99,,62,0,13,name.com,,
005ffe31-d0cc-4e65-8957-f432ab8ad00e,getpastoneself.football,available,19.99,,62,0,16,name.com,,
006018ee-d2b1-4084-bfd5-3033a588f561,leavenocrumbs.cricket,available,31.98,,70,1,15,namecheap,,
00604d5b-bc7c-48f8-9bb7-f0acd47663c1,makeof.garden,available,43.98,,76,1,7,namecheap,,
0060fbf1-b9b2-4d1f-ab83-a6c930e2ae9b,gotoplan.movie,available,69.99,,66,1,10,name.com,,
00610a4b-3b5f-4a7f-b3ff-1ce818472213,gototherestroom.buzz,available,2.49,,56,1,18,name.com,,
00610e66-c8e4-449e-a030-500a35c6a64d,letus.fm,available,99,,79,13,6,name.com,,
006114ef-b15c-41dc-b6f7-f0a7e5ff4ee6,makesomenoise.mobi,available,6.99,,70,5,15,name.com,,
006141bc-bef2-4095-9b28-1101d7db6f35,stepdown.broker,available,19.99,,74,2,9,name.com,,
00619bf2-47b0-4496-9aa2-c9b89ea0c100,skateover.de,available,19.99,,60,0,10,name.com,,
00622c7f-17b0-4482-b9f2-3c90ce0ea649,golong.dad,available,16.98,,74,6,7,namecheap,,
00626254-a97b-4a85-ae81-068a93d86ada,leavewellalone.toys,available,19.99,,68,1,16,name.com,,
00627e51-fe36-4067-9ca8-5e621e6270e5,goaroundincircles.love,available,38.98,,62,0,20,namecheap,,
00629f6a-aeec-4906-92f9-9964c8bf1102,resteasy.supplies,available,32.48,,79,4,9,namecheap,,
0062da66-bbca-4ca6-b185-50012994302c,letrip.christmas,available,49.98,,75,2,7,namecheap,,
0062e28b-28d8-497a-beda-8d50abb0a1d3,goplatinum.racing,available,16.98,,76,1,11,namecheap,,
00632ea8-e645-412a-828a-be8b1a115fed,fellowfeel.zip,available,15.88,,72,1,10,namecheap,,
006396ca-bc80-4cff-b7a4-2a3b28c550fa,gooutlikealight.prof,available,26.99,,62,1,19,name.com,,
00643683-5349-4f7d-af6c-4fbd0da343d6,comeintoeffect.sucks,available,298,,70,0,16,namecheap,,
0064a0e0-103a-431e-9433-6e6fa41b44ea,makeknown.cricket,available,31.98,,78,4,10,namecheap,,
00657534-e35f-4389-aefe-89ac6a32018b,gooutonalimb.direct,available,19.99,,60,1,16,name.com,,
0065a061-e313-44c6-902d-4501cb2b75f4,hammeraway.im,available,12.98,,66,0,11,namecheap,,
0065bfbd-ae2c-4ccc-9038-80bdf66259cd,gobackon.science,available,16.98,,72,2,10,namecheap,,
0065d3dd-16d3-42f1-800f-b1ba75fb1d77,getlife.ceo,available,19.99,,80,5,8,name.com,,
0065f9f5-8caa-47f9-87e6-5f6a6c1536f1,becalled.men,available,5.25,6.25,86,2,9,namesilo,,
00661e49-b41a-441a-8999-083eb619b6d5,runwith.tickets,available,399.99,,70,5,8,name.com,,
0066ca15-a6c5-426a-b950-cf214a51b16f,getthebestof.vacations,available,9.99,,69,2,15,name.com,,
00676f6f-1524-44ad-801a-8281ab9fe572,keeppace.deals,available,5.99,,74,3,9,name.com,,
0067d9f3-6960-47fe-a69d-10850269e12e,makethecut.icu,available,1.99,,78,3,12,name.com,,
00692c59-825c-463d-aac6-79ea456b70f4,givebirth.markets,available,9.99,,82,1,10,name.com,,
0069b2a0-fd7d-4f8d-b153-4a927561b21a,getwet.hiphop,available,33.98,,74,5,7,namecheap,,
006ae9ac-7aea-41db-a8f6-7a9c0d005519,leavewellalone.tools,available,17.99,,68,1,16,name.com,,
006b2d72-2298-4f18-8c0c-dc3c5d76bccd,goawry.bike,available,14.99,,66,0,7,name.com,,
006b32bc-499c-469e-90a7-bc2107672897,letitbeknown.boutique,available,6.99,,75,1,15,name.com,,
006b634a-4d8f-4f4d-b7d1-3273fc82c687,stepoff.gives,available,5.99,,68,2,8,name.com,,
006b8451-37e1-41b2-a7be-b9de3c7ba3f9,gearup.art,premium,153.75,,80,16,7,name.com,,
006ba377-31ae-47f7-8dab-18864197ff1e,smashdown.christmas,available,49.98,,58,2,10,namecheap,,
006bbf9d-77ac-4e62-82e1-3d3cf797701f,gobackalongway.forsale,available,19.99,,66,1,18,name.com,,
006bc851-fcfc-4f3e-8c70-b99d8fbc0414,cometobe.vet,available,50.99,,72,0,10,name.com,,
006bc9ac-e89f-4d2c-9227-9903c6bb894c,goforit.ceo,available,10.19,109.99,76,11,9,namesilo,,
006c93ef-5536-4348-a0b9-db905068cc3d,makehappen.parts,available,15.99,,80,3,11,name.com,,
006cb35e-b9f9-4bb6-90d4-9f38c19f77a6,getittogether.industries,available,17.49,,75,3,15,name.com,,
006ce7b6-e117-440c-890d-83258582a2ac,cometobe.supply,available,30.99,,72,0,10,name.com,,
006d4b41-73dc-4da4-9ab8-c6a14f41f488,steponit.pink,available,14.99,,75,2,10,name.com,,
006d5535-e01b-4fd7-899e-338b2f7fd911,getthedrift.christmas,available,49.98,,66,1,13,namecheap,,
006d579f-d61a-4183-a328-a310641c97e1,cometogether.place,available,25.99,,70,10,13,name.com,,
006d9118-7721-463f-b4da-be7bbb367dd2,cometobe.vacations,available,9.99,,72,0,10,name.com,,
006dce1f-b45b-42f2-9c27-5bc9253af27d,comeoutontop.academy,available,21.99,,68,0,15,name.com,,
006e0ed1-ec59-4cca-b8e8-a4d0f6ea77e4,havenobusiness.gripe,available,8.98,,60,1,16,namecheap,,
006e7e11-bad6-459e-8118-a43583526285,cometogether.rentals,available,14.99,,70,10,13,name.com,,
006ed60f-cd34-433b-bccf-7a8ff3135f20,keepunder.net,available,16.49,,66,1,10,name.com,,
006f3863-0880-48e8-a08d-99d26e0528a2,gettogether.auto,available,2950,,82,8,12,namecheap,,
006f3d66-a140-463b-90dc-18de4079ca9b,signout.photography,available,9.99,,75,4,8,name.com,,
006f6ffa-b75b-47ac-825c-906169c53c3d,getoffthemark.capital,available,9.99,,66,0,16,name.com,,
006fd82e-3424-45a0-9f1d-e9b64df9c457,cometoanend.exposed,available,25.99,,62,1,14,name.com,,
00705756-126c-4993-abdb-b236f71cbd21,slipin.family,available,9.99,,65,2,7,name.com,,
0070e9a6-2c7d-4155-bc5e-4288ca940a65,makenoise.run,available,6.99,,78,5,10,name.com,,
0070f008-7dee-44c7-98c0-c749e3738622,revolvearound.lawyer,available,66.98,,62,1,14,namecheap,,
0071a064-636f-4b35-9282-517546a63304,letrip.download,available,9.98,,75,2,7,namecheap,,
0072021a-e6f4-45ff-ad62-b18f17555ac5,settlefor.democrat,available,9.99,,76,0,10,name.com,,
00720b60-5802-4732-8003-6da0ceda9839,gobankrupt.broker,available,19.99,,68,2,11,name.com,,
007229ba-509e-4a61-a141-949e9dd828e6,getstuckin.poker,available,14.99,,72,2,12,name.com,,
00729f39-978d-4533-ada2-9a3b85312687,gobackon.ag,available,89,,72,2,10,name.com,,
0072c533-5cd2-485e-bfb2-4bc3d79c3c48,shoparound.charity,available,5.99,,80,3,11,name.com,,
00731420-d0c4-4e21-9800-381b6ea20056,havethebestofit.condos,available,71.99,,68,1,19,name.com,,
007330bd-ec43-40f0-853f-7f8c19c60506,walktheline.hot,available,58.98,,68,3,13,namecheap,,
00734347-dfe6-436c-873d-3291f9a5a649,changeup.pet,available,19.99,,70,8,9,name.com,,
007443fe-7b78-4532-8a86-0200c2056522,scootover.de,available,19.99,,66,2,10,name.com,,
00745aa3-cf71-4bb3-a6a0-8fb28b47dc70,makeof.family,available,9.99,,76,1,7,name.com,,
0074d540-8e65-413c-b79d-194a1020531d,parkin.actor,available,19.99,,59,8,7,name.com,,
007513b2-5389-4e55-99a7-7e824c114128,orderarms.foundation,available,5.99,,70,1,10,name.com,,
00751c0e-34fe-4eb1-a5d1-913443034468,useto.equipment,available,19.99,,72,2,6,name.com,,
0075275d-ea9e-4cdf-aa05-dea3c5302e09,hammeraway.sarl,available,8.98,,66,0,11,namecheap,,
0075a140-2cfa-4ab0-b6e6-dc728a2297ca,enterinto.nl,available,11.99,,70,1,10,name.com,,
0075fdd7-3475-4f6b-9dc7-07b709be0025,makewhole.tel,available,10.99,,80,2,10,name.com,,
0076de69-5787-4627-bc55-41f56715aad9,getstraight.immobilien,available,14.99,,77,1,12,name.com,,
0077273c-7477-443d-aff3-7431cdfa4647,getwet.moi,available,39.99,,74,5,7,name.com,,
00775bfc-d720-4e0d-aa24-a68d8ff87b52,getstuckin.pizza,available,19.99,,72,2,12,name.com,,
0077fd49-bc62-469a-a483-eff77b108c4d,pickover.poker,available,14.99,,62,1,9,name.com,,
00784571-f34a-41e0-ab04-a784a6ebb3f6,takealeak.lat,available,1.99,,63,1,11,name.com,,
00784eb9-0bd2-4bd9-a01e-a2a48133d954,dropabombshell.loan,available,9.98,,58,0,16,namecheap,,
00788a5a-55a7-4942-91cc-4fe755a8393a,makestrides.energy,available,21.99,,78,1,12,name.com,,
0078c56a-4169-42d8-acb4-321efeb13a5b,getstuckinto.property,available,161.98,,64,0,14,namecheap,,
0079421f-fca6-40d1-9070-7a8e2a96b01e,keeptrack.barcelona,available,38.98,,76,8,10,namecheap,,
0079b254-6862-4764-8765-15615a020b94,comeinhandy.vip,available,10.98,,76,1,13,namecheap,,
0079b775-1272-470e-9e93-a3bd75f3a894,popup.locker,premium,1250,,84,29,6,name.com,,
007a61e6-f821-4dbd-a964-924e5a1c691e,takedown.estate,available,14.99,,74,11,9,name.com,,
007a6bbd-d2d2-4f4e-8924-4a561a282440,gettheballrolling.ink,available,2.99,,72,1,20,name.com,,
007ac463-bb66-4636-a144-6b3ce4ea8e7f,feellike.sydney,available,54.98,,74,3,9,namecheap,,
007b0759-7e5e-4786-b28c-6bdd48fff5e7,dropahint.juegos,available,478.98,,78,1,11,namecheap,,
007c8ec5-4d13-4072-bdcd-0fa506af4289,havethefoggiest.de,available,5.99,5.99,54,1,17,namesilo,,
007dff10-127d-4f6b-bbd9-3df0128688ac,settledown.fast,available,35.98,,80,2,11,namecheap,,
007e7222-2b9b-4523-b451-10a9b91d3e2b,godark.diy,available,39.99,,68,5,7,name.com,,
007ec4cf-026e-4d56-b738-e1af13fe029d,makeitcount.green,available,11.99,,72,8,13,name.com,,
007f3e4d-78b5-46db-bc7a-b7aed5d6ef04,gettheidea.football,available,19.99,,79,0,12,name.com,,
007f7830-c302-42df-aae7-73cea7ba0d27,letonerip.dealer,available,350,,75,1,11,name.com,,
007f78e8-5859-48e0-9fe8-b42e3b22f50b,havekittens.miami,available,30.98,,66,1,12,namecheap,,
007f818d-34fb-44a9-91d1-c6d7ec8711fb,dothemath.cricket,premium,437.5,,72,4,11,name.com,,
007fbcf7-c058-4bfe-ab80-15477942ead1,goinfor.dealer,available,350,,74,1,9,name.com,,
007fed2b-9f6d-4806-bacf-6a5b814d19e3,plateup.motorcycles,available,1.99,,74,2,8,name.com,,
0080054a-9636-4c11-bbd2-1e705db969fe,getphysical.recipes,available,11.99,,80,1,12,name.com,,
00803926-de96-4c47-8eee-9f7f60aad00a,havenoidea.money,available,19.99,,74,1,12,name.com,,
00804b06-d276-43e4-8603-1ad2915929df,softenup.menu,available,38.98,,68,1,9,namecheap,,
008083b7-e030-4e22-95f7-19c0f0be1fc3,cometogripswith.adult,available,166.98,,62,1,18,namecheap,,
008140ec-5ca6-4738-8d5d-022da5ea3a41,vergeon.ski,available,39.99,,68,1,8,name.com,,
0081c176-3d40-44c6-b771-1ff3e47ce9fe,makeone.bingo,available,14.99,,76,4,8,name.com,,
00822fe0-bae6-4e23-8948-a5f364cad44e,goround.enterprises,available,5.99,,68,3,8,name.com,,
00824492-e74d-4a5f-8ef5-94f69099b669,stealaway.kiwi,available,35.68,,72,1,10,namecheap,,
0082a7c7-ec11-4ee8-87e6-898cf31e2b8d,seton.irish,available,9.99,,72,9,6,name.com,,
0082e0d6-39a8-48d8-829f-ed8204e95168,besupposedto.tube,available,33.98,,60,1,14,namecheap,,
0082ebaf-253a-4ec9-a514-7100889f4a49,havethehotsfor.moi,available,39.99,,60,4,17,name.com,,
0082f8ca-3182-437d-8696-72e2016c6838,softenup.tours,available,9.99,,68,1,9,name.com,,
0083fab2-889d-461d-b441-0a99130dc280,showin.kitchen,available,14.99,,72,4,7,name.com,,
00845370-58ad-4285-8987-9687c717a617,orderarms.organic,available,19.99,,70,1,10,name.com,,
0084951c-d357-4296-a941-e6f11bb52709,poreover.technology,available,17.99,,62,1,9,name.com,,
0084f255-30d1-4bb1-b9c4-e5e902f01d4e,getphysical.win,premium,437.5,,80,1,12,name.com,,
0085500f-6e03-441d-a6e7-6e44002759dd,runwith.observer,available,15.99,,70,5,8,name.com,,
0085911b-4e0d-45c8-8f49-9a07e4f63487,haveto.moi,available,39.99,,78,3,7,name.com,,
0086b2f3-a4d0-4581-b530-5e6fbf77a044,makeitcount.channel,available,16.48,,72,8,13,namecheap,,
0086cebd-e8a3-4793-a834-5e5de4babb08,getmedieval.biz,available,1.99,,70,1,12,name.com,,
00878f9b-a531-4441-9a52-9a8598cbb22f,hammeraway.insure,available,9.99,,66,0,11,name.com,,
00882ec2-4f0a-4f47-a3d1-18ba6c95a315,cometoterms.spot,available,31.98,,66,1,13,namecheap,,
0088c6ff-0516-4816-a0ae-8c83a520dc28,cometoterms.games,available,19.99,,66,1,13,name.com,,
0088f07a-0499-4d3b-9f80-b981402a2977,makethenews.enterprises,available,5.99,,72,2,13,name.com,,
00893046-40e4-4906-8aa7-6b4b6feec24b,cometoterms.bz,available,25,,66,1,13,name.com,,
00898d12-4dd5-4116-8b03-a6b4245ed654,stepforward.art,premium,29.4,98,74,10,12,namecheap,,
0089f55a-9020-4918-9519-bb487b7f795b,besupposedto.cash,available,17.99,,60,1,14,name.com,,
008a5cfa-fa4e-48fc-95a1-8d700e3a4ac5,getthenod.ceo,available,19.99,,77,2,11,name.com,,
008a6fc4-0169-4eed-8c9c-cd437f05a5e0,letoffsteam.dating,available,23.99,,76,1,13,name.com,,
008af1d9-7ebf-47fd-bea9-ec5e7e33e96e,makewaves.day,available,16.98,,78,8,10,namecheap,,
008afdb2-ec51-4274-be5b-1fc41f752b1c,gowithout.mobi,available,6.99,,75,1,10,name.com,,
008b3982-3585-494d-8948-cf35db6de963,getstraight.property,available,161.98,,77,1,12,namecheap,,
008c11b9-cadc-4edb-969d-bc9e9cc165e6,takealeak.gay,available,50.98,,63,1,11,namecheap,,
008cd073-58d0-4227-8607-04674570426b,getround.shopping,available,14.99,,74,0,9,name.com,,
008cff93-a2b8-44db-90ef-a94af630c2ba,dothejob.farm,available,13.99,,74,1,10,name.com,,
008eb2ab-047c-431c-846a-044b0c4b7ba1,hangonto.locker,available,19.99,,70,1,9,name.com,,
008ee228-081d-42c3-ae50-c861ae454aea,getonwith.fun,available,4.99,,79,1,11,name.com,,
008f6733-4af3-4796-9b3b-be11d2fccd2a,hangover.store,premium,312.5,,62,12,9,name.com,,
008fbe30-da66-4210-aa5d-7eef2cad6910,feeltheburn.camera,available,21.99,,76,2,13,name.com,,
008fdcce-56bd-447e-b5b7-6a06e12e5f7c,gotobat.hamburg,available,59.99,,70,2,9,name.com,,
008fe37a-bc57-46da-8e45-a088120d8732,accountof.world,available,5.99,,72,1,10,name.com,,
008ffcd0-d21c-45f2-87a0-311744970c1e,parkup.college,available,29.99,,59,4,7,name.com,,
0090d5ac-44e8-415c-b1b7-2ed7b032167c,letslide.singles,available,12.99,,76,1,9,name.com,,
0090e742-c8b1-4326-a089-3ef97eb6f300,comeintoplay.shiksha,available,19.99,,70,1,14,name.com,,
00911604-72b5-4762-a63d-9fd454adb7e2,gothroughwith.cheap,available,9.99,,58,1,15,name.com,,
009244af-559a-4658-bcd1-fee1b2918797,playin.trade,available,9.98,,80,10,7,namecheap,,
00925b48-6b18-47e5-bfd6-65a1e3d0505b,gobankrupt.republican,available,5.99,,68,2,11,name.com,,
0092d87d-0f8a-4e1b-821f-8f6bfbd60e27,gowild.gift,available,23.98,,74,10,7,namecheap,,
0092fd74-887f-4d8a-b387-0d218434c9ed,makeone.property,available,161.98,,76,4,8,namecheap,,
00932576-7f67-431a-8897-3fd9e0108b13,leaveover.wine,available,9.99,,70,1,10,name.com,,
0093b129-f026-46d0-a4d7-325fbfbefdc4,slipoff.healthcare,available,91.99,,65,1,8,name.com,,
0093fa48-37fc-430d-84e1-856daf6ba30d,goround.pics,available,1.99,,68,3,8,name.com,,
0093fa5a-5f6e-4fd0-9f3a-e26871876b8d,decideon.uk,available,9.98,,76,2,9,namecheap,,
009416a0-570d-42bd-998e-b9823ee7c1d4,hangonto.one,available,3.99,,70,1,9,name.com,,
0095374c-385d-42e0-a59b-18caba10ac74,makeoneselfathome.rest,available,19.99,,72,1,20,name.com,,
0095378c-2062-442d-ba3a-65b97b48d987,cometoastop.eu,available,10.99,,62,1,14,name.com,,
0095509d-8425-4e84-9886-45c9405c38e6,playaround.bz,available,25,,72,5,11,name.com,,
00957c0f-a804-4b85-9f4f-62db56355a00,makeknown.style,available,12.99,,78,4,10,name.com,,
00957d2e-7928-4e04-97ca-f765b8765f4f,getupto.careers,available,49.99,,74,2,9,name.com,,
0095a657-ca3a-4dfc-a612-cf119aa08e97,placeanorder.football,available,19.99,,72,0,14,name.com,,
00962319-2b69-4b2f-bb8d-962b0bfc1974,gowholehog.fyi,available,9.68,,70,1,12,namecheap,,
00970d5a-1aaf-45d9-ad33-058f4b04913c,goape.buzz,available,2.49,,76,5,6,name.com,,
00972f77-3519-4c74-b8d8-b31fac5ce218,waitout.voting,available,1448,,63,1,8,namecheap,,
009754cf-92e1-4464-836e-380ed29565f6,springfor.barcelona,available,38.98,,72,0,10,namecheap,,
009774ae-1ac3-4757-865d-417cc11e6826,comeundone.university,available,19.99,,66,2,11,name.com,,
009774cb-b661-4418-951e-f52537f4d321,plateup.fun,available,4.99,,74,2,8,name.com,,
0097c474-7bd3-4ff6-9265-fe913dff09eb,feelfor.green,available,11.99,,70,2,8,name.com,,
0097e5ba-0136-4fa8-bbd4-1302a5c4bb52,gototherestroom.gratis,available,26.99,,56,1,18,name.com,,
0098fce5-bccc-424a-88bd-3b45b05e6e9e,decideon.storage,available,799,,76,2,9,name.com,,
00993ce3-4fd1-4a66-a046-99c85bfc8a84,makeuse.luxe,available,27.99,,78,1,8,name.com,,
009982af-b255-422a-a2ac-de8ae751327a,takeout.dating,available,23.99,,75,16,8,name.com,,
009a4101-7e66-4af5-b5e2-ca21ba00a7f0,gostraight.consulting,available,26.99,,70,2,11,name.com,,
009a90b4-543f-45b0-b484-add81cc70d3a,beonto.sale,available,5.99,,74,1,8,name.com,,
009abb84-bf83-4146-a6d5-d608d880cfd2,seeabout.trading,available,19.99,,74,1,9,name.com,,
009ace7b-34c2-4668-95f1-1b1707689974,getupin.management,available,14.99,,74,1,9,name.com,,
009afa76-dfb2-4618-a226-6b7a8f295246,goaroundthehouses.school,available,9.99,,60,0,20,name.com,,
009b374c-1133-4bed-9ca1-50b6acda13bf,gopast.engineer,available,13.99,,68,0,7,name.com,,
009b38a8-cdfc-4e64-9c7e-2f6c2409be10,jollyalong.vote,available,49.99,,82,1,11,name.com,,
009b4cdb-3162-40a9-b499-1d500c190378,gobananas.lat,available,1.99,,74,7,10,name.com,,
009bd773-94ee-414b-8acb-4b831e9b6fd7,pushup.apartments,available,19.99,,72,9,7,name.com,,
009bf794-bcd3-4467-aa86-03307afc7ab7,spellout.furniture,available,39.99,,76,2,9,name.com,,
009c146d-ab96-4469-aa40-50455523ce3c,makethedifference.boston,available,30.98,,72,3,19,namecheap,,
009c24f7-ddbd-4ecb-b904-420b96d9931e,makeit.recipes,available,11.99,,82,22,7,name.com,,
009cbac7-31c7-47c1-b9f9-9fd8d2cae6c9,getittogether.monster,available,1.99,,75,3,15,name.com,,
009cccf2-ce09-47d4-a283-0bdef414bf16,smashandgrab.nyc,available,43.98,,48,2,14,namecheap,,
009d343a-57dd-418c-a5bf-d4c70af56978,changethegame.discount,available,7.99,,68,6,15,name.com,,
009d3f98-026c-4a91-b87f-4a34c7b6c27f,getjiggy.cruises,available,14.99,,80,2,9,name.com,,
009d6239-b898-4c5c-89f7-cd8918fb9646,cometogether.name,available,9.98,,70,10,13,namecheap,,
009d722a-dfe9-433a-af7d-0e19872e213a,gotobed.dentist,available,76.99,,72,3,9,name.com,,
009d7d5e-6aed-4b1e-a592-aed7f977b927,slipoff.tax,available,14.99,,65,1,8,name.com,,
009ddcaf-9cf5-4b7a-bfca-47de5ccac6fc,makeoneselfclear.report,available,14.99,,70,1,18,name.com,,
009de2e3-b64f-48db-bb71-7de7a86c2acf,playin.diy,available,39.99,,80,10,7,name.com,,
009e24f6-021d-464d-b69d-797eb6972eea,smashup.properties,available,10.99,,58,5,8,name.com,,
009e36ab-edae-4f7f-a30f-5142ab06a0b5,cuddleup.trading,available,19.99,,89,4,9,name.com,,
009e4a00-22f4-4da7-b88b-c13c5b2f0205,gonuts.la,available,39,,76,8,7,name.com,,
009e5ab7-7310-42dd-ac0d-08be4f33cdf9,comewith.photos,available,14.99,,72,3,9,name.com,,
009eca26-0a13-4411-92b4-cb95094419a1,cometopower.contact,available,16.78,,66,1,13,namecheap,,
009f2001-9158-4012-886e-fc6a07b9697c,goastray.cloud,available,32.98,,66,1,9,namecheap,,
009f5d5a-ccab-44d9-8808-7f595cfa6a08,cutthrough.repair,available,9.99,,74,6,11,name.com,,
009f7725-9cc0-4669-906e-3c1d867bb63b,goape.earth,available,22.99,,76,5,6,name.com,,
009f79ef-9ac2-465e-a922-3ed724c1cf76,keepin.hair,available,1.99,,72,6,7,name.com,,
009fb56e-b7f0-48d1-bf27-191537d7dfc0,gotheextramile.vana,available,2498,,66,2,17,namecheap,,
00a06786-e42c-4553-8309-972e81d02c9a,clipit.limo,available,19.99,,76,12,7,name.com,,
00a067e7-b640-41e0-b4b3-2b0c8519949c,doup.vip,premium,116,17.7,70,5,5,namesilo,,
00a06ba6-8162-40d8-81f5-8ae0029b96a5,cometobe.land,available,19.99,,72,0,10,name.com,,
00a06c0a-71c7-4929-8e3d-28fe7a0ac2dd,keepthepace.game,available,349.99,,66,1,13,name.com,,
00a093ad-c224-4c4f-919e-dd499c9ece29,getthrough.place,available,25.99,,79,2,11,name.com,,
00a0cef4-0f73-4af5-be75-f746a4abd28f,takethelead.maison,available,19.99,,78,4,13,name.com,,
00a0e73d-c7de-49d9-a03c-89c741e3a81a,gobust.haus,available,19.99,,68,1,7,name.com,,
00a1d6ad-4c21-4a8b-8d22-c580e0c1edcc,hammerhome.voting,available,1448,,70,2,11,namecheap,,
00a1d83a-e515-4506-aa95-c40d7c19bc94,gotosleep.jewelry,available,19.99,,72,3,11,name.com,,
00a1f957-45bb-4fed-b7a9-12a64f307622,comeintoplay.movie,available,69.99,,70,1,14,name.com,,
00a202fa-a88f-4391-87a8-004603cd09b2,softenup.recipes,available,11.99,,68,1,9,name.com,,
00a2a731-cfb4-4d62-a0df-36458457ad36,walktheline.exposed,available,25.99,,68,3,13,name.com,,
00a2cbcf-6b46-44cb-a262-d58b41a99d3b,jollyalong.work,available,2.99,,82,1,11,name.com,,
00a30fc3-bc46-4577-86ea-fdcbbcc2943f,resteasy.xxx,available,154.98,,79,4,9,namecheap,,
00a31061-66df-4afd-a42f-998805e8bba4,havetheheart.deal,available,48.98,,66,1,14,namecheap,,
00a316d9-d4a8-450b-b8e9-6d55e26d5e78,getontheendof.casino,available,17.99,,64,0,17,name.com,,
00a36a7f-86ec-42b4-8966-f4123171a827,getoutof.reise,available,99.99,,79,2,10,name.com,,
00a373d1-4c89-4d00-af63-8887179c7c01,makeit.accountant,premium,437.5,,82,22,7,name.com,,
00a3824b-9cc8-417b-a25b-000eca3c896b,cheesedown.tours,available,9.99,,62,0,11,name.com,,
00a39c5e-6e59-45d0-92ee-a164c3e1bccd,rakeup.charity,available,5.99,,66,2,7,name.com,,
00a41970-ebdb-4bb8-a95a-a0037400d9f8,makeoneselfclear.hospital,available,71.98,,70,1,18,namecheap,,
00a4231f-ba3e-455c-9fcc-79f83926dcf7,golong.productions,available,14.99,,74,6,7,name.com,,
00a4cb75-a5d8-4a48-b77f-dc43511de4df,useto.page,available,12.79,12.99,72,2,6,namesilo,,
00a4f74f-b307-45bf-89f8-d727f3cfb3e6,orderin.sex,available,154.98,,77,5,8,namecheap,,
00a537fe-fb82-4082-ae49-99aa120cf100,getjiggy.insure,available,9.99,,80,2,9,name.com,,
00a53c4a-4e9e-4f89-b0ea-d17963b77103,cheesedown.casino,available,17.99,,62,0,11,name.com,,
00a5426d-1b0e-42ec-b069-fe740e2f2f38,letthebuyerbeware.tools,available,17.99,,67,0,20,name.com,,
00a57c37-29c1-4da7-ab75-e9a411e945bb,cometoastop.charity,available,5.99,,62,1,14,name.com,,
00a5e62f-d8be-4266-ae08-d12c1cb34e63,makethebestof.monster,available,1.99,,72,1,16,name.com,,
00a685b8-e5b5-4f45-b920-2d01f3256e59,gotowards.bot,available,78.98,,68,1,10,namecheap,,
00a7bc86-7b6c-42b7-98bb-cd108c994d39,getthedoor.international,available,14.99,,76,0,12,name.com,,
00a7c312-433c-499b-ab5e-7404b2e79eb4,gototherestroom.rehab,available,14.99,,56,1,18,name.com,,
00a8397f-13d0-465f-a151-d2ff05ab7fba,gobackalongway.spot,available,31.98,,66,1,18,namecheap,,
00a871d7-f37c-4f6b-8207-df85ad8d8c67,turnorburn.webcam,available,17.98,,56,1,12,namecheap,,
00a8c709-1af7-4118-b171-e5930f48a0a5,gotheextramile.plus,available,21.99,,66,2,17,name.com,,
00a8d53e-0abd-4511-adad-2f611efa4940,havereason.llc,available,19.99,,76,1,11,name.com,,
00a8f31b-89ab-4227-ab65-a1f0bff00365,belike.phd,available,26.99,,74,7,7,name.com,,
00a90c90-f5f1-4e08-9449-2c31b68010f0,setinstone.irish,available,9.99,,68,4,12,name.com,,
00a93f6a-4dec-4185-905b-b5e296849f26,keepittogether.voto,available,19.99,,68,2,16,name.com,,
00a97eea-9b03-4ef9-a56d-efa15e183955,gotheextramile.id,available,25.98,,66,2,17,namecheap,,
00a98ccb-6a6f-4c22-8833-4bbf78f02df6,comeonstrong.band,available,29.99,,66,2,14,name.com,,
00a99ada-ae99-461a-a903-0b5bcb4f85ca,gothroughwith.study,available,2.19,38.99,58,1,15,namesilo,,
00a9d9af-067b-4278-8d64-bcadf7d2452c,keepoff.hamburg,available,59.99,,70,2,8,name.com,,
00a9febf-8756-4f46-9606-11419668aaa3,makeof.wedding,available,43.98,,76,1,7,namecheap,,
00aa3fa1-19c2-4304-8a50-f068b4a78026,poreover.photo,available,39.99,,62,1,9,name.com,,
00abc71a-8e52-4273-9410-1e3b30372561,spillover.garden,available,43.98,,68,4,10,namecheap,,
00ac9986-4daa-4272-a8d7-5f9f1806a33a,dogsit.voyage,available,9.99,,96,2,6,name.com,,
00acf537-a658-406a-8714-ebe5b247016e,slipitto.protection,available,2950,,64,1,10,namecheap,,
00ad9164-2d09-49f6-ad50-6b1e42dd7bcf,goalongwith.music,available,52.48,,70,1,13,namecheap,,
00adcc0c-97d4-4253-a89a-0509318b548f,signover.autos,available,1.99,,69,1,9,name.com,,
00ade6f7-4c60-4ecf-a4cc-5801a128f801,comeonstrong.hamburg,available,59.99,,66,2,14,name.com,,
00ae0325-36f2-4071-9770-53aa611b5c73,gooutwithabang.osaka,available,39.99,,66,1,18,name.com,,
00ae3083-55bf-48d0-a540-a0c84a18d8de,cometoahalt.partners,available,13.99,,62,0,14,name.com,,
00ae5928-2f87-4ef0-9c48-538a583bcca0,smashandgrab.bargains,available,21.99,,48,2,14,name.com,,
00ae8310-0eb8-4743-b1a9-f39b2212827d,rakeout.villas,available,19.99,,66,1,8,name.com,,
00ae8a2b-8015-44da-b4e5-62cf38af4870,getlucky.training,available,21.99,,84,10,9,name.com,,
00aebbb0-a1bd-4e46-9a64-aa1f2c9d3d3a,gotosleep.fyi,available,9.68,,72,3,11,namecheap,,
00aef73a-eeda-4ec2-a2cf-e1f5681f5ed0,haveon.irish,available,9.99,,76,2,7,name.com,,
00afc43f-be5d-4e44-98db-1d859f943e3b,takethelead.pizza,available,19.99,,78,4,13,name.com,,
00aff7f9-6731-4e79-95cf-78c17d514df5,changethechannel.supply,available,30.99,,62,1,18,name.com,,
00b06067-e2c7-4e8a-bb3c-132467432e61,havenoidea.sex,available,154.98,,74,1,12,namecheap,,
00b0bdd0-20fa-481d-af4f-012a00b12e06,gobackalongway.fans,available,13.98,,66,1,18,namecheap,,
00b0e2e8-df18-4121-bf89-c366062a8df9,comeround.rest,available,19.99,,76,1,10,name.com,,
00b17557-3b30-4530-9d61-8684a31df3cc,getover.id,available,25.98,,79,4,8,namecheap,,
00b1810f-3d59-4c5a-a140-a5d2d2f199ce,orderarms.xxx,available,154.98,,70,1,10,namecheap,,
00b1a25a-4aa9-40ff-bc2b-6b3febe694ed,giveinto.new,available,549.99,,70,10,9,name.com,,
00b1a48f-b562-4e16-84fe-4a0dcd9337a7,flipthescript.trade,premium,437.5,,72,6,15,name.com,,
00b25684-7300-474c-ba7c-1e8c7f5b2e31,barup.im,available,12.98,,82,2,6,namecheap,,
00b25b0a-7142-4b2f-ac6a-de254ef64bce,makenoise.international,available,14.99,,78,5,10,name.com,,
00b2ede0-ad32-4a73-9905-00e579fab1ad,walktheline.town,available,9.99,,68,3,13,name.com,,
00b3d66d-f989-4533-9698-dc9e433196f2,hangwith.tattoo,available,48.98,,70,2,9,namecheap,,
00b3d83a-081b-41c2-935c-d97254a7cc41,keepwatch.audio,available,159.98,,70,5,10,namecheap,,
00b42fab-33e8-4543-934c-65c22be21323,goeasy.sydney,available,54.98,,76,11,7,namecheap,,
00b46433-e99e-49f8-9019-720cf0de71fa,letslip.osaka,available,39.99,,76,1,8,name.com,,
00b46f4e-18f9-4140-9491-e05e9f7f6a93,cometolife.beer,available,43.98,,80,3,12,namecheap,,
00b5858f-0b83-4d70-916e-096bf2af9b24,goinfor.gives,available,5.99,,74,1,9,name.com,,
00b5b478-9148-4962-aa1d-e83ed102b5d0,partwith.shoes,available,39.99,,68,1,9,name.com,,
00b67b3b-ceba-49d8-bef9-2272e566ea43,comeundone.credit,available,11.99,,66,2,11,name.com,,
00b68a8e-dce1-407d-baf9-b97adcc844b6,makesomenoise.sh,available,59.99,,70,5,15,name.com,,
00b6b64b-a105-411c-ae57-50cb136e8a8c,gettakenin.trading,available,19.99,,70,0,12,name.com,,
00b6ce35-2adf-4a4d-b332-c18a36c14baf,getthehint.international,available,14.99,,74,1,12,name.com,,
00b77414-f954-46d2-aa41-070191a9507e,getiton.barcelona,available,38.98,,84,3,9,namecheap,,
00b7d4c0-fbd2-4ae3-80a2-1ba06a328c6a,hangbyathread.osaka,available,39.99,,56,1,16,name.com,,
00b80834-7767-4190-a1ff-cdbbcba5e0dd,godown.villas,available,19.99,,74,5,7,name.com,,
00b82d92-6d3c-4ce1-a6ca-4d95aace8257,runon.id,available,25.98,,67,4,6,namecheap,,
00b8382f-bfd7-4f5c-8f07-defd75d7fb50,breastfeed.coupons,available,3.99,,76,3,11,name.com,,
00b84f1a-eb78-4774-9112-429565a204f6,sockit.credit,available,11.99,,70,5,7,name.com,,
00b888fa-0e8c-4b23-b8a6-4fa55d91de89,letsomethingride.kaufen,available,9.99,,67,1,18,name.com,,
00b8c9ad-a18f-47e1-8434-a2f314ae5400,letrip.markets,available,9.99,,75,2,7,name.com,,
00b92b95-4758-40ef-9da6-28042322371f,getoutside.boats,available,1.99,,79,6,11,name.com,,
00ba40ec-1104-4205-afa5-fb876dcb7301,breastfeed.business,available,3.99,,76,3,11,name.com,,
00ba6b1b-6dce-40e8-95bc-2066f6aacc40,getsomeair.garden,available,43.98,,77,1,12,namecheap,,
00ba8131-08e7-410d-a7a1-291a1920408c,makesomethingof.science,available,16.98,,70,0,17,namecheap,,
00bab5b3-c5a8-4c62-a1b7-1ed68e381fcd,gowiththeflow.win,premium,437.5,,82,7,16,name.com,,
00badddb-d883-4366-9f32-d1bc4148dedf,goitalone.men,available,9.48,,74,1,11,namecheap,,
00bafb6b-b6ea-4630-b3cd-cab4f871110a,payoff.vote,available,49.99,,70,8,7,name.com,,
00bb7b96-a109-4aee-8feb-efde18202dad,goballistic.info,available,4.99,,68,2,12,name.com,,
00bbe4cd-1286-44c7-8717-48e6689745da,comeinhandy.fail,available,14.99,,76,1,13,name.com,,
00bbf520-e2e3-415a-affd-97f2ff759755,makewaves.poker,available,14.99,,78,8,10,name.com,,
00bbfb19-ea6d-4c05-8005-1a0c04152892,fitlikeaglove.blue,available,23.99,,76,1,16,name.com,,
00bc3478-39f4-4afe-bbfe-e3bcc59a79b9,makeuse.house,available,27.99,,78,1,8,name.com,,
00bc466a-d251-482d-aefe-b2e45a0a90b2,scoopup.voyage,available,9.99,,68,3,8,name.com,,
00bd246d-c981-4942-9ef7-09377e85e173,dothemath.locker,available,19.99,,72,4,11,name.com,,
00bd6f79-7068-45ce-a47d-19d6a71b8dca,makeknown.yoga,available,45.98,,78,4,10,namecheap,,
00bd8e58-dc5b-41a5-a682-38753c7a1327,cometolife.cc,available,13.98,,80,3,12,namecheap,,
00bdee49-2138-4251-8711-b44c9bb9470e,keeptrack.dealer,available,350,,76,8,10,name.com,,
00bdf3cd-d949-45bc-81cf-5e3013478bf8,dropsomeonealine.supplies,available,32.48,,70,0,19,namecheap,,
00be3482-b5b7-4aff-b6b6-2371bbed635a,gosteady.community,available,14.99,,70,3,9,name.com,,
00be82fe-6fcc-44ac-9cc7-b9a4637b3e8a,takedown.locker,available,19.99,,74,11,9,name.com,,
00bec43a-5a88-40aa-8f8b-8b1e611b2a4d,makethedifference.town,available,9.99,,72,3,19,name.com,,
00bf2b43-aaa9-41dc-b25a-665fa6af869f,cuttherug.car,available,2400,,76,1,11,namecheap,,
00bf3a95-864b-4c30-a84e-75447f00454d,havelittletimefor.broker,available,19.99,,56,1,20,name.com,,
00bf72b8-fe80-46c6-8359-2581489207df,breastfeed.solutions,available,5.99,,76,3,11,name.com,,
00bf8cc1-7984-4c64-b5bb-3d9626086c07,letthebuyerbeware.sh,available,59.99,,67,0,20,name.com,,
00bf9833-08c8-4521-9700-482f22b2ba1c,longfor.forex,available,19.99,,70,3,8,name.com,,
00bfa832-4048-41d5-931b-6737cd822173,getthebestof.kiwi,available,35.68,,69,2,15,namecheap,,
00c01668-343f-4488-b742-e085ad19469b,winback.xxx,available,154.98,,76,8,8,namecheap,,
00c04780-8b7b-42ee-9472-caf8535323fd,gobankrupt.beer,available,43.98,,68,2,11,namecheap,,
00c08510-e320-4260-a8d9-9706116dfc6d,gostrong.wedding,available,43.98,,74,4,9,namecheap,,
00c099dd-9ede-4a12-8bb8-c2943ba21a6e,cuddleup.theater,available,19.99,,89,4,9,name.com,,
00c09f9c-d127-4f03-81a9-343942caba0f,filein.vip,available,10.98,,68,2,7,namecheap,,
00c1a8f6-f45b-440c-90fe-2e058ac5f9eb,toneup.properties,available,10.99,,80,5,7,name.com,,
00c1b71a-9619-456b-8c52-d9090918f5c5,havenousefor.miami,available,30.98,,56,0,15,namecheap,,
00c1bac4-3552-4981-85dd-149f1948d723,startin.band,available,29.99,,71,6,8,name.com,,
00c24c61-3bcb-4fd6-986a-b8403a89079e,goaroundthehouses.ac,available,49.99,,60,0,20,name.com,,
00c25a56-97c5-4466-8b40-fc5a593bce92,slipoff.im,available,12.98,,65,1,8,namecheap,,
00c2b6c3-9f33-45cd-9947-b022479352fe,engine.shop,premium,1250,,76,29,6,name.com,,
00c2bdd8-6688-4fcf-a336-6e7b00378584,doup.diy,premium,218.75,,70,5,5,name.com,,
00c2f6ef-eb35-4b0a-96f6-0ecd6850c66a,takesteps.fm,available,99,,71,2,10,name.com,,
00c32d53-24a2-4054-bb6a-b5b500f46eb7,goamiss.dog,available,5.99,,68,0,8,name.com,,
00c330e4-34ab-45f0-9025-64ec431027fa,gotothewashroom.pro,available,4.99,,56,1,18,name.com,,
00c35a24-2d6f-4421-b37d-813c7cd14c4a,packup.game,available,349.99,,76,5,7,name.com,,
00c3c7b0-a5db-4714-8676-a8a86463a3e4,gostraight.camp,available,11.99,,70,2,11,name.com,,
00c4052f-4334-4959-a90d-a66e3484702a,cheesedown.football,available,19.99,,62,0,11,name.com,,
00c41c9e-811b-4f45-a6e2-555ba1b6c6b6,showin.engineer,available,13.99,,72,4,7,name.com,,
00c496d1-c2f6-4ed9-8d56-aaba43c42b53,getontheendof.support,available,11.99,,64,0,17,name.com,,
00c4ab68-4c9e-4c47-a38c-641d6d732f3e,havethefloor.repair,available,9.99,,64,1,14,name.com,,
00c675c5-8d9f-4d65-b65e-e11b960e83e9,comeoutontop.memorial,available,64.98,,68,0,15,namecheap,,
00c6c2a6-b17f-475e-96c9-66b2e456b066,getoutthevote.nl,available,11.99,,70,2,16,name.com,,
00c6c73e-e4c8-45c7-b4e6-01e5680a3c34,havekittens.wiki,available,2.99,,66,1,12,name.com,,
00c6efde-14dc-47df-9694-b5640de3ac55,spellout.tools,available,17.99,,76,2,9,name.com,,
00c72acb-df9b-420e-856c-5b24eda0c9e9,scootover.run,available,6.99,,66,2,10,name.com,,
00c7408a-f867-4b5c-8add-73d5707c03ca,beonto.legal,available,9.99,,74,1,8,name.com,,
00c757a7-7ae3-41a7-8ec4-37b3ff7d3348,softenup.software,available,19.99,,68,1,9,name.com,,
00c7ff60-be35-4999-b5f5-69ba6b6f46d7,havenoidea.guide,available,10.99,,74,1,12,name.com,,
00c861ba-5ed1-411c-95f7-3c3df089c24b,getthrough.desi,available,22.98,,79,2,11,namecheap,,
00c86ac5-3120-4909-bba2-e462a212ecbe,getover.phd,available,26.99,,79,4,8,name.com,,
00c97cda-93dc-4652-8142-bd80714feee0,letsomeonego.cooking,available,43.98,,69,1,14,namecheap,,
00ca3668-8140-4fbf-8229-90767d8e69d7,settlefor.cam,available,22.98,,76,0,10,namecheap,,
00cab9a9-9bfc-4203-80aa-387fb2be9ed4,dropahint.sh,available,59.99,,78,1,11,name.com,,
00caf20c-2990-432d-a8eb-d5f26b78b7d6,getthrough.bid,available,9.98,,79,2,11,namecheap,,
00cb3a9a-d1d8-4598-813c-6423a22b5ecc,longfor.dental,available,59.98,,70,3,8,namecheap,,
00cb3ed3-c92e-4cab-8c7c-f9e300ca3a43,cometo.services,available,15.99,,74,8,7,name.com,,
00cb4ce4-5fa7-464d-aba4-5d5573f65bec,keepunder.repair,available,9.99,,66,1,10,name.com,,
00cbca4a-8b18-4aa6-abe3-9d88f60ea7ff,gotowards.page,available,15.99,,68,1,10,name.com,,
00cc9b6a-a553-4e10-81c6-54493e59482b,gothroughwith.memorial,available,52.99,52.99,58,1,15,namesilo,,
00cca809-8563-425c-b574-892cd403d1a5,gomad.discount,available,7.99,,70,5,6,name.com,,
00cd4f58-cbd7-4b5d-ae04-3e9bb8da9907,entertheequation.hot,available,58.98,,62,0,18,namecheap,,
00cd6498-6c6a-4d7c-a9e5-9ad6577d54ec,gobackalongway.tickets,available,399.99,,66,1,18,name.com,,
00cd993b-c35b-49fa-8de9-2ca7a718676f,letsomeonego.reisen,available,24.99,,69,1,14,name.com,,
00ce0495-6aa1-473a-84cf-7ca7852f02ea,goape.ing,available,16.98,,76,5,6,namecheap,,
00ce5367-d90a-40c3-a038-7c880fe55ecd,takeabreak.ltda,available,46.98,,86,8,12,namecheap,,
00ce9013-55e7-413b-946e-45cf6fd785d4,scoopin.cafe,available,7.99,,68,1,8,name.com,,
00ce99cc-894a-402e-8665-7903530304b2,comeof.boutique,available,6.99,,74,1,7,name.com,,
00ceef99-4d73-4d31-809c-709ecfb62891,spellout.help,available,1.99,,76,2,9,name.com,,
00ceffae-03e3-4cb5-852c-10bdc9288a12,leaveon.graphics,available,31.98,,80,1,8,namecheap,,
00cf0a50-6a56-4626-a2fb-3c3b4a493547,makeit.win,premium,437.5,,82,22,7,name.com,,
00cfb8a4-ae27-4182-bd0a-e82aacdc110f,takenotes.gifts,available,9.99,,74,5,10,name.com,,
00cffcd6-c1dd-4c7e-903b-690e745594d9,comeonto.auto,available,2950,,72,1,10,namecheap,,
00d01416-796a-4435-bb36-946fe290be43,cometobe.homes,available,1.99,,72,0,10,name.com,,
00d01f1e-8756-4f4e-92b0-46a974e19320,letoneoff.dad,available,16.98,,77,1,11,namecheap,,
00d031ca-6106-4034-a74f-d4f98f6e5d50,gowholehog.finance,available,15.99,,70,1,12,name.com,,
00d0599b-424d-4cf0-8e24-0ea7a70f2924,orderarms.autos,available,1.99,,70,1,10,name.com,,
00d07555-29cb-480a-be61-c7b639d4ab7b,startin.yoga,available,45.98,,71,6,8,namecheap,,
00d0c30c-875a-4776-b438-e64e984ec579,comeinfor.shiksha,available,19.99,,76,0,11,name.com,,
00d16db0-547b-4406-9528-db16e87caad0,makefriendly.shoes,available,39.99,,72,1,13,name.com,,
00d1d96c-706f-4d56-a954-d2f0727a28e6,goonholiday.services,available,15.99,,68,1,13,name.com,,
00d2e67b-922a-448b-ba48-793719de8389,makethedifference.band,available,29.99,,72,3,19,name.com,,
00d37fb6-c527-49c3-aa31-19d1fadd4008,letthebuyerbeware.gives,available,5.99,,67,0,20,name.com,,
00d45a50-c96f-4e48-a374-582660bf3f97,headout.church,available,11.99,,82,6,8,name.com,,
00d467a8-7eb2-41fa-8a94-3085dd536246,takethelead.hamburg,available,59.99,,78,4,13,name.com,,
00d48968-ab6e-4b38-a24f-45f3c78fe4c2,gotoplan.guide,available,10.99,,66,1,10,name.com,,
00d4e72a-dd6c-4e4b-8112-067f1392d561,dowithout.navy,available,42.99,,68,1,10,name.com,,
00d508bb-ed9f-4208-9005-f7610aab703d,gobackalongway.how,available,34.99,,66,1,18,name.com,,
00d53510-8773-4e19-bbfc-ba7735eca2b8,carryover.realty,available,179.99,,70,2,10,name.com,,
00d556e9-ed5d-4df7-b938-bd139adc98e9,takeoffice.tube,available,33.98,,77,2,11,namecheap,,
00d5b993-9a11-4c77-8f37-21bb5fd42fcf,playaround.email,available,9.99,,72,5,11,name.com,,
00d6e1b1-cd4b-4af8-9cef-6f3d309777a0,getstuckinto.tattoo,available,48.98,,64,0,14,namecheap,,
00d6e3f7-078d-4578-bafe-e7b89c749bd2,getlaid.icu,available,1.99,,76,6,8,name.com,,
00d70cdf-d1d8-4b99-9bb8-1cca1a9f3fef,clipit.red,available,14.99,,76,12,7,name.com,,
00d75401-2306-4276-a691-34c40c2fb326,resteasy.black,available,29.99,,79,4,9,name.com,,
00d77555-f8e9-4c2d-ab8a-3381a83a37d0,movefurniture.hiv,available,184.99,,68,1,14,name.com,,
00d7a089-3ed0-4a49-88e3-b4d9babb280b,gobigorgohome.moi,available,39.99,,68,3,17,name.com,,
00d836f0-dc2c-43af-8b5a-6f9a7fef45ab,cometoanend.onl,available,4.99,,62,1,14,name.com,,
00d8431f-c9cd-4ab0-a9d4-013bb3494bf9,goinfor.markets,available,9.99,,74,1,9,name.com,,
00d8a7ef-8fa3-479e-870d-848d70697437,getwiththeprogram.diamonds,available,72.98,,69,2,20,namecheap,,
00d9074f-8021-4f85-91a8-75599dc30aa7,startover.coffee,available,23.99,,78,6,10,name.com,,
00d93d5c-588b-47f7-b760-20911656c4ce,gobackon.fishing,available,45.98,,72,2,10,namecheap,,
00d9a48e-e207-4ac3-aee5-e4a7242a2aa1,stepup.llc,available,19.99,,78,19,7,name.com,,
00d9cf6a-2305-4c10-aacd-ab2734f99735,getthedoor.salon,available,14.99,,76,0,12,name.com,,
00da2846-bbdd-4d4d-84b4-9d051b686c30,letthecatout.kiwi,available,35.68,,67,1,15,namecheap,,
00da4141-d55d-4607-ab77-1cb3a1d32c8f,takealeak.charity,available,5.99,,63,1,11,name.com,,
00db5b4e-b138-4ce8-af03-16db9595c862,havenobusiness.pink,available,14.99,,60,1,16,name.com,,
00dbd161-d803-46aa-aaca-29ccdcc5fb84,gotobed.party,available,9.98,,72,3,9,namecheap,,
00dc2532-01dc-4d08-a240-8f342d1f21ce,entertheequation.camp,available,11.99,,62,0,18,name.com,,
00dc295f-f973-42b2-9382-b8fa79c89b79,keepstraight.games,available,19.99,,62,1,13,name.com,,
00dc37cd-e9e3-4dea-b783-13d0c6d27418,cutthrough.ing,available,16.98,,74,6,11,namecheap,,
00dc3ae5-f8e4-4a2d-8e20-71d879b010de,getthebestof.pics,available,1.99,,69,2,15,name.com,,
00dc408c-6b9e-4129-822b-fa3b6518b41e,gobythewayside.sydney,available,54.98,,62,1,17,namecheap,,
00dc71b6-1de2-4b56-be7c-38f1c7de7aaf,letthedevilout.pet,available,19.99,,62,1,17,name.com,,
00dcd3e9-6c9a-4c56-80eb-4dfb98ea23d2,letoneoff.feedback,available,15.99,,77,1,11,name.com,,
00dcda97-4d0f-4a95-a94c-8c361e87d579,fitthebill.shiksha,available,19.99,,84,1,12,name.com,,
00dd724d-f041-401d-be1d-ee21af1883fb,getthejobdone.tattoo,available,48.98,,74,2,16,namecheap,,
00dd96b7-f760-4fac-82b1-704828620f8c,gotowards.construction,available,15.99,,68,1,10,name.com,,
00ddd10b-b673-4d47-87fe-e071b4a285b7,stepup.living,available,39.99,,78,19,7,name.com,,
00de9f62-b248-432b-842f-b540beb2d1a9,gonuts.software,available,19.99,,76,8,7,name.com,,
00ded45e-cfb7-4887-9e18-af01d4dbb449,gowholehog.today,available,2.99,,70,1,12,name.com,,
00dfee0b-f35a-4a52-947a-026dbbe35ff5,takeajoke.link,available,10.99,,76,1,11,name.com,,
00e0176e-cd04-4eae-9631-a72aec6def6f,keepwatch.work,available,2.99,,70,5,10,name.com,,
00e0387e-203b-45bc-8978-9caee4e77435,slipin.cleaning,available,80.99,,65,2,7,name.com,,
00e041df-5025-4a7f-98e9-7f5d4b74fec0,getmarried.music,available,52.48,,88,5,11,namecheap,,
00e05505-c58e-42d7-b4b1-06a83ed02857,orderin.management,available,14.99,,77,5,8,name.com,,
00e0cfe1-1fa2-4352-9fd3-6b062073e5d1,enterthescene.black,available,29.99,,62,1,15,name.com,,
00e0d2f6-527a-4256-8a73-4a3f37d033b6,makeuse.financial,available,29.99,,78,1,8,name.com,,
00e0dfdf-8b75-4867-911a-a9e9d7f58cff,getupto.tickets,available,399.99,,74,2,9,name.com,,
00e154a3-f82b-4340-95e4-125e57ba4fe0,keepitmoving.run,available,6.99,,68,5,14,name.com,,
00e17f2e-2adb-4af7-8e94-3657ae832d1c,keepwatch.video,available,14.99,,70,5,10,name.com,,
00e1bac9-660e-4dc5-b8fe-035e033be878,raisehell.paris,available,51.98,,62,1,10,namecheap,,
00e26802-b1ce-4f1e-ba0b-50051cd4050d,getlaid.photography,available,9.99,,76,6,8,name.com,,
00e2790a-0a48-4184-a6f2-2ed2d0820a20,breastfeed.mobi,available,6.99,,76,3,11,name.com,,
00e27aae-daef-4387-919f-ba169386c673,hangonto.buzz,available,2.49,,70,1,9,name.com,,
00e27c9f-1c24-479e-84a9-b102a6766087,godark.blue,available,23.99,,68,5,7,name.com,,
00e31044-f229-454c-9909-f87af0ce4d66,fellowfeel.cool,available,9.99,,72,1,10,name.com,,
00e310f2-a0cb-4b30-8aa3-989923189791,cometoanend.vacations,available,9.99,,62,1,14,name.com,,
00e3c3c9-ab55-4f19-8d17-7a45f842a1cb,gostraight.hiv,available,184.99,,70,2,11,name.com,,
00e3c914-aa22-43e2-af7f-0dcf560c0ac4,havethebestofit.mom,available,1.99,,68,1,19,name.com,,
00e472d4-bb6c-40f2-86c2-2238c610d600,goinon.surf,available,2.19,32.49,74,2,8,namesilo,,
00e5f399-83f5-4aa2-976e-cae216f56aaf,keepto.vip,available,10.98,,72,2,7,namecheap,,
00e5fa35-ba83-4e82-a51f-e5cec56eb1f2,takeajoke.study,available,50.98,,76,1,11,namecheap,,
00e65c99-3ce4-47ff-b1b6-6e967090e23f,strikeablow.accountants,available,43.99,,70,0,13,name.com,,
00e6b4be-a2cb-4e7a-9fd5-2ccc50b2e80a,settledown.bargains,available,21.99,,80,2,11,name.com,,
00e6c4ff-5a42-424c-8aad-6c7659a44db0,makeoneselfclear.tattoo,available,48.98,,70,1,18,namecheap,,
00e6d36a-1cb8-4d31-a79c-be0cfda59a6d,comeonto.limo,available,19.99,,72,1,10,name.com,,
00e70184-9f37-4bb1-ad44-c72944c8a207,keepthepace.film,available,89.99,,66,1,13,name.com,,
00e70bd4-5b87-4d81-9862-54f741a3dcf8,hammerhome.guitars,available,159.98,,70,2,11,namecheap,,
00e76264-23cb-4c03-be0c-13c81eef5dc2,skateover.moda,available,19.99,,60,0,10,name.com,,
00e78c72-6dc6-43c8-808c-0d3fa097b9bb,feeltheburn.rich,available,149.99,,76,2,13,name.com,,
00e7bf07-29ef-4c71-bf0e-8a9551597e33,hangbyathread.new,available,549.99,,56,1,16,name.com,,
00e7f3fd-a054-4e96-9a31-ddb0371a4cfd,getoutthevote.kiwi,available,35.68,,70,2,16,namecheap,,
00e8abb6-689c-468f-bf67-fc14d7b18215,takeeffect.faith,available,16.98,,70,0,11,namecheap,,
00e94ee1-f3d2-4727-9e33-fbb9b5d66f1c,useto.press,available,4.99,86.99,72,2,6,namesilo,,
00e9682e-a43b-4425-84bf-eac4fc01d2bd,sellon.realty,available,179.99,,68,6,7,name.com,,
00e9d4dc-e3db-45a5-8a1d-4390128e68e2,makeright.new,available,549.99,,78,9,10,name.com,,
00e9e055-78c5-4de7-8491-faf6c4d36da5,leton.luxury,available,49.99,,76,5,6,name.com,,
00ea55f8-6abb-4480-aaaf-297380d9f3a1,keeptogether.storage,available,799,,68,1,13,name.com,,
00ea5f8f-dce7-4757-a519-c8732e800f1c,getlife.construction,available,15.99,,80,5,8,name.com,,
00eabcbb-086d-4b26-a9f5-7cfe1d45b246,getthedoor.bet,available,14.99,,76,0,12,name.com,,
00eadae2-32c5-4f44-8fb6-93c4576ce577,cometolight.actor,available,19.99,,68,1,13,name.com,,
00eae0f3-71f9-41ec-823d-8bc56a4f78b4,getthenod.agency,available,7.99,,77,2,11,name.com,,
00eb2731-0106-452d-84ef-58590ff01cbe,gonuts.college,available,29.99,,76,8,7,name.com,,
00eb70c8-fa1d-4c52-b3a0-20cd3b95d8aa,letthebuyerbeware.sucks,available,298,,67,0,20,namecheap,,
00eb9f97-5d85-488f-888f-75d16f4563a7,makeone.tienda,available,9.99,,76,4,8,name.com,,
00eba8c2-04de-422e-8923-f64d98a24f9a,setinstone.discount,available,7.99,,68,4,12,name.com,,
00ebbc70-1419-4946-9577-2a4abd21d554,keepsomeoneposted.support,available,11.99,,66,0,19,name.com,,
00ebe13f-4127-453c-900d-e2e21d4c5606,cometopower.beauty,available,1.99,,66,1,13,name.com,,
00ec65f5-3387-466b-b16e-35bcd16e1567,takenotes.chat,available,9.99,,74,5,10,name.com,,
00ecdcc1-26d7-478e-9b6d-f9d35949009b,rakeover.international,available,14.99,,66,1,9,name.com,,
00ed49fc-3f61-4a6d-9478-9a777868b0a1,strapup.green,available,11.99,,68,1,8,name.com,,
00ed6eea-4463-44b4-8472-739d4b97eebb,comeupto.events,available,21.99,,72,1,10,name.com,,
00ed8fc2-57ee-40f8-b153-eb1c84d0ba31,turndown.cam,available,22.98,,74,4,9,namecheap,,
00ed9a24-a5c6-48cc-a237-d2c676d9d3fd,getturnedaround.lawyer,available,62.99,62.99,64,1,17,namesilo,,
00edb8ab-94c7-4f6a-8f54-e99bc08febd3,getwiththeprogram.fund,available,15.99,,69,2,20,name.com,,
00edc276-d99b-412b-ab72-2544bf3e56a8,spillover.zone,available,14.99,,68,4,10,name.com,,
00edcfeb-e1b5-428b-97f7-20885ab5c9a3,getoutside.accountant,available,31.98,,79,6,11,namecheap,,
00edda5e-ee93-47e8-bcf2-62eb463805ea,getwet.wedding,available,43.98,,74,5,7,namecheap,,
00edef02-8e69-4145-813b-75bb325c3f89,movefurniture.hamburg,available,59.99,,68,1,14,name.com,,
00ee1431-2e4e-4cb6-a19b-1c49a2e9cc68,letthedevilout.onl,available,4.99,,62,1,17,name.com,,
00ee4b83-4e8a-40ec-a5c9-da0f6ce54ef6,smashup.beauty,available,1.99,,58,5,8,name.com,,
00ee607a-3b78-4027-ad1f-9163670e70e7,comeofage.food,available,39.99,,78,1,11,name.com,,
00ee6ef2-de20-438c-a906-cc16fd85bcc8,getoveroneself.markets,available,9.99,,62,1,16,name.com,,
00eeadad-9e7a-4d7b-9df9-22f35057183d,getoutof.band,available,29.99,,79,2,10,name.com,,
00f0806d-1b01-4df4-a321-a2c73f07db7d,slipin.auction,available,4.99,,65,2,7,name.com,,
00f09c37-6a29-439c-a340-ce2e4a92b018,getjiggy.kiwi,available,35.68,,80,2,9,namecheap,,
00f0ce60-97df-4597-a3cc-427087d61bfa,goonebetter.llc,available,19.99,,62,1,13,name.com,,
00f0e860-1346-462f-bef4-53939bb9297c,getlate.coach,available,19.99,,72,1,8,name.com,,
00f13d29-9b00-44e8-af88-387009f7a964,gonuclear.pw,available,20.48,,68,3,10,namecheap,,
00f17858-517b-4cbb-bf45-c8c78e1b5072,getoveron.place,available,25.99,,72,1,11,name.com,,
00f19d04-ce91-418b-ae57-aa7593e4ab73,slipby.pics,available,1.99,,64,1,7,name.com,,
00f1ca76-e241-4fbe-a269-7709f18b9175,keepsomeoneposted.sbs,available,1.49,,66,0,19,name.com,,
00f1f8cf-dd84-4576-b95e-099b4cfb9abb,comeinfor.gives,available,5.99,,76,0,11,name.com,,
00f2ad5a-57f6-47c6-b7a6-697fcf8d0ee4,getwise.chat,available,9.99,,77,6,8,name.com,,
00f32e11-73d9-4b39-b223-2bc8a6397a71,turnorburn.stream,available,9.98,,56,1,12,namecheap,,
00f37246-81c1-4bd9-ad0d-db40c122ab43,takeeffect.in,available,11.98,,70,0,11,namecheap,,
00f422a6-00ae-464b-a563-bddc7aaeaaa5,goitalone.recipes,available,11.99,,74,1,11,name.com,,
00f42b7c-d8df-4cda-ab7f-3bd7761edb48,runon.ventures,available,19.99,,67,4,6,name.com,,
00f48d6c-2704-4b2d-9dcf-97a88209a05c,getsomeair.directory,available,7.99,,77,1,12,name.com,,
00f48e51-c3f7-41d0-b43e-2838d37a7d0b,goeasy.properties,available,10.99,,76,11,7,name.com,,
00f4f6c1-9e16-41be-ad32-0ac0f6477288,getpast.wtf,available,5.99,,76,1,8,name.com,,
00f5d93a-59d9-4e32-9295-4a82cd607d07,getlife.menu,available,38.98,,80,5,8,namecheap,,
00f5fefa-9312-4121-8e32-ec386eddc173,arriveat.gay,available,50.98,,70,1,9,namecheap,,
00f63a72-f7ad-428b-871a-8c77d427ccce,movemountains.estate,available,14.99,,72,4,14,name.com,,
00f6bc96-7af6-4ab2-a9ec-5f576c76437d,tonedown.discount,available,7.99,,72,1,9,name.com,,
00f719b5-c88d-4fa2-b138-f6b79aeeed5c,gotheextramile.lat,available,1.99,,66,2,17,name.com,,
00f727cc-f330-4c5d-965a-194a02b9c2a9,comeknocking.living,available,39.99,,66,1,13,name.com,,
00f7bfa1-1f2d-49e4-8179-f752f6b11bc1,makethenews.rip,available,7.99,,72,2,13,name.com,,
00f81580-d9b8-4edf-a440-7b2d42ca38d7,skateover.club,available,6.99,,60,0,10,name.com,,
00f8dae2-538e-46d2-9e18-8b8953cf0e68,takesteps.accountants,available,43.99,,71,2,10,name.com,,
00f8e589-25e8-458b-a8a9-6e7e098bc0cd,gonowherefast.fast,available,35.98,,50,1,15,namecheap,,
00f8e9de-94ea-4bc3-bd15-7ee70560385e,shoveover.mba,available,19.99,,59,1,10,name.com,,
00f927e6-c586-4595-a632-29d7581844f7,fitout.credit,available,11.99,,76,8,7,name.com,,
00f9dc84-5409-46fb-af72-1660e4b9a67e,getstuckin.ink,available,2.99,,72,2,12,name.com,,
00f9f998-b04a-47c8-9069-cb6e067bbb77,gobackalongway.viajes,available,57.98,,66,1,18,namecheap,,
00fb0f2c-d55e-474c-8e91-b0f731db3cc9,setforth.guide,available,10.99,,72,4,9,name.com,,
00fb34c1-38de-4a7e-b3b0-261b495d3c7b,smashit.la,available,39,,72,8,8,name.com,,
00fba9b7-0e1e-4e5b-ab10-48e960349118,getoveron.pet,available,19.99,,72,1,11,name.com,,
00fbc63b-be68-4059-aabc-321159bbe99f,goviral.phd,available,26.99,,76,17,8,name.com,,
00fbe6bc-60ed-41ce-be02-f21636260043,placeanorder.attorney,available,69.99,,72,0,14,name.com,,
00fc51d1-1e0a-4e95-971a-6b97f6c0f8f7,letthebuyerbeware.courses,available,49.99,,67,0,20,name.com,,
00fcabef-5679-43e2-82fc-f336c0975dae,clearoff.gratis,available,26.99,,72,1,9,name.com,,
00fd12b8-eedf-426f-a0b4-0daa6ddc7847,getoffon.farm,available,13.99,,76,0,10,name.com,,
00fd2296-6875-4ebd-8545-4a5080efaaa7,scoopup.art,available,7.99,,68,3,8,name.com,,
00fd3287-5232-4ffb-812a-0e6e819e7b96,smashdown.cooking,available,43.98,,58,2,10,namecheap,,
00fd9a29-cc69-429b-b20a-0cecf1313977,hammerhome.codes,available,11.99,,70,2,11,name.com,,
00fdccac-af20-4768-ae61-a11cac224fd4,cometogripswith.hospital,available,71.98,,62,1,18,namecheap,,
00fe3d52-e20e-45c0-84d4-dcdae306fa6a,setapart.bet,available,14.99,,72,8,9,name.com,,
00fea263-9850-4035-b6f6-caa8dc6d51d9,comeintobeing.glass,available,77.99,,68,1,15,name.com,,
00feccdf-c52d-4ce5-9330-ce0616e66e87,leavetochance.airforce,available,134.98,,64,1,15,namecheap,,
00fed968-73ce-4299-b161-605deaf2a840,fillintheblanks.coffee,available,23.99,,64,2,18,name.com,,
00fee4d6-0c02-432f-82da-7c9fc0d4565f,gopast.insure,available,9.99,,68,0,7,name.com,,
00fee8a5-d45a-45b6-99ef-bf47fb5fd75b,getmedieval.business,available,3.99,,70,1,12,name.com,,
00ff0855-e62b-4da1-afe6-07cc77ade227,havethefoggiest.fyi,available,9.68,,54,1,17,namecheap,,
00ffe48f-8cab-4dcf-befa-b2b94127360b,arriveat.vision,available,9.99,,70,1,9,name.com,,
010009b1-4ca5-4907-a2f2-44e3eff26e12,makethegrade.construction,available,15.99,,70,3,14,name.com,,
0100181c-b66b-4034-ad5b-075c50bb2ab9,makefreeof.broker,available,19.99,,76,0,12,name.com,,
01003f32-fead-4390-9f96-3bfd1f9c09f1,getoutsideof.news,available,17.99,,66,1,14,name.com,,
01009f0a-ff54-4571-9a84-638a57396b1d,letitbe.page,available,15.99,,89,7,9,name.com,,
0100e367-1567-48b1-bd68-c44007ed36b8,barup.repair,available,9.99,,82,2,6,name.com,,
0100e6f6-458f-4598-8c30-7e3dd2ae21a8,shoparound.fit,available,2.99,,80,3,11,name.com,,
010109b6-88a6-43b2-abdf-e6457ec093d8,jollyalong.audio,available,159.98,,82,1,11,namecheap,,
01013500-f1f4-43a7-84a5-da14f85dfffe,gonuts.forum,available,1.99,,76,8,7,name.com,,
01013e67-9afe-4c95-a3b0-4d6b91b96af1,clipit.cards,available,3.99,,76,12,7,name.com,,
010177e7-f43f-4dc1-b15c-ec0ae67de3a4,poreover.rent,available,29.99,,62,1,9,name.com,,
0101b4c8-2d47-434c-a3a3-592d9aa72b3c,changethegame.kaufen,available,9.99,,68,6,15,name.com,,
01022cad-1b87-4f4b-889a-8e40f73110ec,goonebetter.restaurant,available,29.99,,62,1,13,name.com,,
01028161-a28d-411b-bf95-f628d84b7aa0,keepfaith.cam,available,22.98,,82,3,10,namecheap,,
01030d1c-2daa-45ba-b62e-7a588c742b21,hangwith.chat,available,9.99,,70,2,9,name.com,,
01038a1d-32a3-40c2-9af8-052528d98e88,workoff.new,available,549.99,,76,3,8,name.com,,
010396fc-571d-4cfc-bccc-726c83e1bfc9,fitthebill.software,available,19.99,,84,1,12,name.com,,
0103ac2b-b4fb-427f-8fe9-cc3ac7037c4e,havetheblues.trade,available,9.98,,58,1,14,namecheap,,
0103ef63-b044-4b23-97db-edf00e9b067f,blazeaway.watch,available,4.99,,76,1,10,name.com,,
010403a1-f0c7-4deb-8e90-19a98651bd55,comeoutwith.earth,available,22.99,,68,1,13,name.com,,
01044221-e734-4754-a10b-9dd9e7f688cf,getover.band,available,29.99,,79,4,8,name.com,,
0104f9be-dd0c-4bc1-9537-6bfc8a20c656,getsick.recipes,available,11.99,,72,1,8,name.com,,
0105325e-8fdd-40a0-b423-2185938d8803,haveon.meme,available,15.98,,76,2,7,namecheap,,
0105a44a-e11e-4614-83cc-a10e864988c4,pushup.fm,available,99,,72,9,7,name.com,,
0105ca4e-7a4c-4dea-b256-ca7d5a951c99,clipthewingsof.desi,available,22.98,,68,5,17,namecheap,,
01062518-6475-465c-9f7a-3acbd8b4667b,cometoahalt.holiday,available,9.99,,62,0,14,name.com,,
01068f12-d925-4551-bc56-1ef1abf8feb8,cometo.ink,available,2.99,,74,8,7,name.com,,
0106913b-ceed-4f65-b3e2-0511f05488a4,gobackto.golf,available,7.99,,76,2,10,name.com,,
0106aed4-73a5-403d-91cd-bc1364533d5a,rakeover.menu,available,38.98,,66,1,9,namecheap,,
0106ec04-20a3-47d9-8485-0e98245bee9e,getover.loan,available,9.98,,79,4,8,namecheap,,
01075d64-c35d-40a1-9677-da169f66375b,cheesedown.family,available,9.99,,62,0,11,name.com,,
01075fb2-8ab5-4a06-acc3-3c2a72b7179b,cometoanend.vip,available,10.98,,62,1,14,namecheap,,
01077c4e-7fd6-4634-a3d4-487dbd78f01c,comeunder.cheap,available,9.99,,70,1,10,name.com,,
0107f940-de8a-4c11-9275-b1984dc7c174,makethedifference.flights,available,59.99,,72,3,19,name.com,,
0108189b-c70e-4a66-a405-d53409aab372,comeof.clinic,available,19.99,,74,1,7,name.com,,
0108b885-ef03-41ca-bfe7-7b07edb06dd0,clearoff.link,available,10.99,,72,1,9,name.com,,
01093e5b-ae03-426c-87ec-290e1f31dea4,cometogether.camp,available,11.99,,70,10,13,name.com,,
010943e3-9322-47f3-a6a1-140458ecadb2,gowholehog.barcelona,available,38.98,,70,1,12,namecheap,,
0109e5fb-25e9-4ee6-822f-043dd967edff,steponit.football,available,19.99,,75,2,10,name.com,,
0109fa0a-501d-4f2c-b6dd-b742353e8657,letrip.academy,available,21.99,,75,2,7,name.com,,
010a1144-9333-45f4-88d5-ee1e35a9ae50,steponit.dad,available,16.98,,75,2,10,namecheap,,
010a6226-8684-4d06-9925-a5693b0d22fa,reston.best,available,23.08,,75,10,7,namecheap,,
010ad5fc-2cd3-44ea-baae-b3c3a1efccad,makethebestof.toys,available,19.99,,72,1,16,name.com,,
010adb86-74d9-40d4-9cc6-7c25c111f789,gooutlikealight.media,available,7.99,,62,1,19,name.com,,
010ae63f-f80f-4123-a7d1-775d4e670c4d,payoff.nyc,available,43.98,,70,8,7,namecheap,,
010b579e-477a-42ba-9a38-7c349ba005d0,keepupwith.pink,available,14.99,,76,2,12,name.com,,
010b5967-879c-4386-b6a4-11572fe653fb,seekout.srl,available,49.99,,77,4,8,name.com,,
010bc55b-2fa1-414c-a96f-731bdcc16f22,goape.rocks,available,12.99,,76,5,6,name.com,,
010be949-9202-4a19-a311-3be4427d4882,getoutthevote.recipes,available,11.99,,70,2,16,name.com,,
010bf238-b0ec-42e5-b4c6-0740a4f1832d,gonuclear.rest,available,19.99,,68,3,10,name.com,,
010c7e2f-67c7-46d5-a7b7-81783219b17a,getoutofDodge.spot,available,31.98,,62,1,16,namecheap,,
010c9dfe-178a-417e-9275-5729d1969002,godowninhistory.rent,available,29.99,,68,1,18,name.com,,
010d37a3-fa29-4ca5-a94d-aa727ef5f4fb,dropsomeonealine.vegas,available,29.99,,70,0,19,name.com,,
010d4bc4-7a18-4683-846d-75d574135793,steerclear.study,available,50.98,,80,2,11,namecheap,,
010d5030-2b98-48d5-9206-f26c385c43cf,gotheextramile.luxury,available,49.99,,66,2,17,name.com,,
010d79ad-a650-4a17-bc1d-e6e54e452ac1,cometoaboil.cash,available,17.99,,62,1,14,name.com,,
010d8d6a-7563-419f-8034-535d4a37afde,letslip.tattoo,available,48.98,,76,1,8,namecheap,,
010dda8c-b377-44b7-808c-7371f9f70b25,placeanorder.vacations,available,9.99,,72,0,14,name.com,,
010e871f-7f6c-4cde-a3ba-15b3b352a472,getthemeaning.construction,available,15.99,,69,0,15,name.com,,
010e9dcb-fc10-41be-be41-913025dbef96,getofflightly.degree,available,14.99,,70,1,15,name.com,,
010ea94d-8f88-4313-9279-2d8671fad94e,sellon.management,available,14.99,,68,6,7,name.com,,
010eded7-9c12-47c9-b4fd-a9bb7de759cf,goamiss.builders,available,7.99,,68,0,8,name.com,,
010f387c-147c-4bdf-8b8f-944dafbc72a6,orderout.review,available,15.73,,74,3,9,namecheap,,
010f5d15-a125-4c92-b7ed-9883b28f6ef1,dropsomeonealine.game,available,349.99,,70,0,19,name.com,,
010f911c-8670-4b7e-8630-fd763391d03e,keepsomeoneposted.fyi,available,9.68,,66,0,19,namecheap,,
010fbd5f-646b-44d9-880d-5c3a3457ede9,godark.studio,available,21.99,,68,5,7,name.com,,
010fcdce-8a49-4e88-97f7-415b957a8d9f,getroundto.flights,available,59.99,,74,1,12,name.com,,
0110536c-e1ba-49bb-9498-10be4e963cf6,lightupon.gripe,available,8.98,,72,2,10,namecheap,,
01105508-f15c-4bed-8725-3bb19cd2d186,revolvearound.spot,available,31.98,,62,1,14,namecheap,,
01105727-2e7e-4603-9f17-a4d6dd37bdda,flipthescript.fishing,available,45.98,,72,6,15,namecheap,,
011189e3-b1ba-4b44-ad90-1f8c73ffcd9f,comeintoeffect.consulting,available,26.99,,70,0,16,name.com,,
01121ead-1014-430a-8462-ac4acdaa204f,getthedrift.deal,available,48.98,,66,1,13,namecheap,,
01123b1e-e322-47f0-8fd2-c5e5f29b9cb3,closeout.parts,available,15.99,,76,6,9,name.com,,
01124791-8ff7-4770-9984-ba49f8c8817e,makefriendly.florist,available,14.99,,72,1,13,name.com,,
01127c02-c7a2-4f14-9cc8-40eb00b89530,cometorest.futbol,available,19.99,,70,1,12,name.com,,
0112899b-2d7d-444a-a1a2-f938388fc9cd,changethesubject.barcelona,available,38.98,,62,7,18,namecheap,,
0113bd2f-b3c6-4e62-aaa6-b1009ae6ecb6,keepin.ca,available,14.98,,72,6,7,namecheap,,
0113f2d9-17df-450d-acf6-d6647687b232,takethelead.rentals,available,14.99,,78,4,13,name.com,,
0114309c-e832-47d1-8428-8bc5c8fff519,saveup.shop,resell,,,78,5,7,Turingsign Inc.,17/10/2025 11:21,17/10/2026 23:59
011455b4-6f83-4e79-9a00-020691b96f63,fellowfeel.ink,available,2.99,,72,1,10,name.com,,
0114a29c-f996-49b5-812a-3826d10c5c5a,letslip.cx,available,26.98,,76,1,8,namecheap,,
0114e300-63bc-4cab-97d9-94d84b42d7c7,letsomethingride.dentist,available,76.99,,67,1,18,name.com,,
01150193-71e4-4c4c-825a-f3755b4685f7,makesense.osaka,available,39.99,,82,14,10,name.com,,
01150989-fa7c-49fe-8256-54580e92debf,makeone.homes,available,1.99,,76,4,8,name.com,,
0115e182-e356-458c-9766-3d078184f640,fitout.engineer,available,13.99,,76,8,7,name.com,,
0115fef8-a110-4b77-834c-3930b19d11cf,golong.memorial,available,64.98,,74,6,7,namecheap,,
0116ee26-4b8d-4098-b39a-91a2e6a96ad2,goonholiday.fund,available,15.99,,68,1,13,name.com,,
0117a638-fd05-446b-a9f4-f6d6642f3e37,goonebetter.fyi,available,9.68,,62,1,13,namecheap,,
011832c2-9b9b-498b-856f-2059397c7ba3,keepoutof.country,available,2450,,68,0,11,namecheap,,
0118369f-1569-4dd5-9bfd-009e8f4020ca,pumpup.surf,available,43.98,,76,5,7,namecheap,,
0118409f-b805-408f-b2f9-fdfecc05e739,placeanorder.school,available,9.99,,72,0,14,name.com,,
01184fec-0f27-44a2-ba4c-ce068641ae49,comeundone.services,available,15.99,,66,2,11,name.com,,
0118739c-e540-4be2-956f-95184b89f870,godowninhistory.country,available,2450,,68,1,18,namecheap,,
0118740a-a680-4c74-aa91-18b52b1adaf5,smashup.degree,available,14.99,,58,5,8,name.com,,
0118b743-868d-41c0-8ebf-1a6711a74599,cometogether.expert,available,11.99,,70,10,13,name.com,,
0118bff4-ec18-456d-9bfa-7df51dd43d77,stepforward.diy,available,39.99,,74,10,12,name.com,,
01191af6-a390-481d-ba22-7c8b1ff7644f,lordover.global,available,59.99,,72,1,9,name.com,,
0119460e-3b6e-48fd-a2d1-9f16e3c45bf6,comeintoplay.gmbh,available,47.99,,70,1,14,name.com,,